ticker,company_name,sector,industry,index_membership,isin,bse_code,nse_code,source,fetched_at
360ONE,360 ONE WAM Ltd.,Financial Services,Financial Services,Nifty500,INE466L01038,,360ONE,NSE Constituents:Nifty500,2026-06-10T15:09:55.166518+05:30
3MINDIA,3M India Ltd.,Other,Diversified,Nifty500,INE470A01017,,3MINDIA,NSE Constituents:Nifty500,2026-06-10T15:09:55.166518+05:30
AADHARHFC,Aadhar Housing Finance Ltd.,Financial Services,Financial Services,Nifty500,INE883F01010,,AADHARHFC,NSE Constituents:Nifty500,2026-06-10T15:09:55.166518+05:30
AARTIIND,Aarti Industries Ltd.,Chemicals,Chemicals,Nifty500,INE769A01020,,AARTIIND,NSE Constituents:Nifty500,2026-06-10T15:09:55.166518+05:30
AAVAS,Aavas Financiers Ltd.,Financial Services,Financial Services,Nifty500,INE216P01012,,AAVAS,NSE Constituents:Nifty500,2026-06-10T15:09:55.166518+05:30
ABB,ABB India Ltd.,IT Services,Capital Goods,Nifty500,INE117A01022,,ABB,NSE Constituents:Nifty500,2026-06-10T15:09:55.166518+05:30
ABBOTINDIA,Abbott India Ltd.,Pharma,Healthcare,Nifty500,INE358A01014,,ABBOTINDIA,NSE Constituents:Nifty500,2026-06-10T15:09:55.166518+05:30
ABCAPITAL,Aditya Birla Capital Ltd.,Financial Services,Financial Services,Nifty500,INE674K01013,,ABCAPITAL,NSE Constituents:Nifty500,2026-06-10T15:09:55.166518+05:30
ABDL,Allied Blenders and Distillers Ltd.,Consumer,Fast Moving Consumer Goods,Nifty500,INE552Z01027,,ABDL,NSE Constituents:Nifty500,2026-06-10T15:09:55.166518+05:30
ABFRL,Aditya Birla Fashion and Retail Ltd.,Consumer,Consumer Services,Nifty500,INE647O01011,,ABFRL,NSE Constituents:Nifty500,2026-06-10T15:09:55.166518+05:30
ABLBL,Aditya Birla Lifestyle Brands Ltd.,Consumer,Consumer Services,Nifty500,INE14LE01019,,ABLBL,NSE Constituents:Nifty500,2026-06-10T15:09:55.166518+05:30
ABREL,Aditya Birla Real Estate Ltd.,Real Estate,Realty,Nifty500,INE055A01016,,ABREL,NSE Constituents:Nifty500,2026-06-10T15:09:55.166518+05:30
ABSLAMC,Aditya Birla Sun Life AMC Ltd.,Financial Services,Financial Services,Nifty500,INE404A01024,,ABSLAMC,NSE Constituents:Nifty500,2026-06-10T15:09:55.166518+05:30
ACC,ACC Ltd.,Capital Goods,Construction Materials,Nifty500,INE012A01025,,ACC,NSE Constituents:Nifty500,2026-06-10T15:09:55.166518+05:30
ACE,Action Construction Equipment Ltd.,IT Services,Capital Goods,Nifty500,INE731H01025,,ACE,NSE Constituents:Nifty500,2026-06-10T15:09:55.166518+05:30
ACMESOLAR,ACME Solar Holdings Ltd.,Power & Utilities,Power,Nifty500,INE622W01025,,ACMESOLAR,NSE Constituents:Nifty500,2026-06-10T15:09:55.166518+05:30
ACUTAAS,Acutaas Chemicals Ltd.,Pharma,Healthcare,Nifty500,INE00FF01025,,ACUTAAS,NSE Constituents:Nifty500,2026-06-10T15:09:55.166518+05:30
ADANIENSOL,Adani Energy Solutions Ltd.,Power & Utilities,Power,Nifty500,INE931S01010,,ADANIENSOL,NSE Constituents:Nifty500,2026-06-10T15:09:55.166518+05:30
ADANIENT,Adani Enterprises Ltd.,Metals,Metals & Mining,Nifty500,INE423A01024,,ADANIENT,NSE Constituents:Nifty500,2026-06-10T15:09:55.166518+05:30
ADANIGREEN,Adani Green Energy Ltd.,Power & Utilities,Power,Nifty500,INE364U01010,,ADANIGREEN,NSE Constituents:Nifty500,2026-06-10T15:09:55.166518+05:30
ADANIPORTS,Adani Ports and Special Economic Zone Ltd.,Other,Services,Nifty500,INE742F01042,,ADANIPORTS,NSE Constituents:Nifty500,2026-06-10T15:09:55.166518+05:30
ADANIPOWER,Adani Power Ltd.,Power & Utilities,Power,Nifty500,INE814H01029,,ADANIPOWER,NSE Constituents:Nifty500,2026-06-10T15:09:55.166518+05:30
AEGISLOG,Aegis Logistics Ltd.,Oil & Gas,Oil Gas & Consumable Fuels,Nifty500,INE208C01025,,AEGISLOG,NSE Constituents:Nifty500,2026-06-10T15:09:55.166518+05:30
AEGISVOPAK,Aegis Vopak Terminals Ltd.,Oil & Gas,Oil Gas & Consumable Fuels,Nifty500,INE0INX01018,,AEGISVOPAK,NSE Constituents:Nifty500,2026-06-10T15:09:55.166518+05:30
AFCONS,Afcons Infrastructure Ltd.,Capital Goods,Construction,Nifty500,INE101I01011,,AFCONS,NSE Constituents:Nifty500,2026-06-10T15:09:55.166518+05:30
AFFLE,Affle 3i Ltd.,IT Services,Information Technology,Nifty500,INE00WC01027,,AFFLE,NSE Constituents:Nifty500,2026-06-10T15:09:55.166518+05:30
AIAENG,AIA Engineering Ltd.,IT Services,Capital Goods,Nifty500,INE212H01026,,AIAENG,NSE Constituents:Nifty500,2026-06-10T15:09:55.166518+05:30
AIIL,Authum Investment & Infrastructure Ltd.,Financial Services,Financial Services,Nifty500,INE206F01022,,AIIL,NSE Constituents:Nifty500,2026-06-10T15:09:55.166518+05:30
AJANTPHARM,Ajanta Pharmaceuticals Ltd.,Pharma,Healthcare,Nifty500,INE031B01049,,AJANTPHARM,NSE Constituents:Nifty500,2026-06-10T15:09:55.166518+05:30
ALKEM,Alkem Laboratories Ltd.,Pharma,Healthcare,Nifty500,INE540L01014,,ALKEM,NSE Constituents:Nifty500,2026-06-10T15:09:55.166518+05:30
AMBER,Amber Enterprises India Ltd.,Consumer,Consumer Durables,Nifty500,INE371P01015,,AMBER,NSE Constituents:Nifty500,2026-06-10T15:09:55.166518+05:30
AMBUJACEM,Ambuja Cements Ltd.,Capital Goods,Construction Materials,Nifty500,INE079A01024,,AMBUJACEM,NSE Constituents:Nifty500,2026-06-10T15:09:55.166518+05:30
ANANDRATHI,Anand Rathi Wealth Ltd.,Financial Services,Financial Services,Nifty500,INE463V01026,,ANANDRATHI,NSE Constituents:Nifty500,2026-06-10T15:09:55.166518+05:30
ANANTRAJ,Anant Raj Ltd.,Real Estate,Realty,Nifty500,INE242C01024,,ANANTRAJ,NSE Constituents:Nifty500,2026-06-10T15:09:55.166518+05:30
ANGELONE,Angel One Ltd.,Financial Services,Financial Services,Nifty500,INE732I01021,,ANGELONE,NSE Constituents:Nifty500,2026-06-10T15:09:55.166518+05:30
ANTHEM,Anthem Biosciences Ltd.,Pharma,Healthcare,Nifty500,INE0CZ201020,,ANTHEM,NSE Constituents:Nifty500,2026-06-10T15:09:55.166518+05:30
ANURAS,Anupam Rasayan India Ltd.,Chemicals,Chemicals,Nifty500,INE930P01018,,ANURAS,NSE Constituents:Nifty500,2026-06-10T15:09:55.166518+05:30
APARINDS,Apar Industries Ltd.,IT Services,Capital Goods,Nifty500,INE372A01015,,APARINDS,NSE Constituents:Nifty500,2026-06-10T15:09:55.166518+05:30
APLAPOLLO,APL Apollo Tubes Ltd.,IT Services,Capital Goods,Nifty500,INE702C01027,,APLAPOLLO,NSE Constituents:Nifty500,2026-06-10T15:09:55.166518+05:30
APOLLOHOSP,Apollo Hospitals Enterprise Ltd.,Pharma,Healthcare,Nifty500,INE437A01024,,APOLLOHOSP,NSE Constituents:Nifty500,2026-06-10T15:09:55.166518+05:30
APOLLOTYRE,Apollo Tyres Ltd.,Autos,Automobile and Auto Components,Nifty500,INE438A01022,,APOLLOTYRE,NSE Constituents:Nifty500,2026-06-10T15:09:55.166518+05:30
APTUS,Aptus Value Housing Finance India Ltd.,Financial Services,Financial Services,Nifty500,INE852O01025,,APTUS,NSE Constituents:Nifty500,2026-06-10T15:09:55.166518+05:30
ARE&M,Amara Raja Energy & Mobility Ltd.,Autos,Automobile and Auto Components,Nifty500,INE885A01032,,ARE&M,NSE Constituents:Nifty500,2026-06-10T15:09:55.166518+05:30
ASAHIINDIA,Asahi India Glass Ltd.,Autos,Automobile and Auto Components,Nifty500,INE439A01020,,ASAHIINDIA,NSE Constituents:Nifty500,2026-06-10T15:09:55.166518+05:30
ASHOKLEY,Ashok Leyland Ltd.,IT Services,Capital Goods,Nifty500,INE208A01029,,ASHOKLEY,NSE Constituents:Nifty500,2026-06-10T15:09:55.166518+05:30
ASIANPAINT,Asian Paints Ltd.,Consumer,Consumer Durables,Nifty500,INE021A01026,,ASIANPAINT,NSE Constituents:Nifty500,2026-06-10T15:09:55.166518+05:30
ASTERDM,Aster DM Healthcare Ltd.,Pharma,Healthcare,Nifty500,INE914M01019,,ASTERDM,NSE Constituents:Nifty500,2026-06-10T15:09:55.166518+05:30
ASTRAL,Astral Ltd.,IT Services,Capital Goods,Nifty500,INE006I01046,,ASTRAL,NSE Constituents:Nifty500,2026-06-10T15:09:55.166518+05:30
ATGL,Adani Total Gas Ltd.,Oil & Gas,Oil Gas & Consumable Fuels,Nifty500,INE399L01023,,ATGL,NSE Constituents:Nifty500,2026-06-10T15:09:55.166518+05:30
ATHERENERG,Ather Energy Ltd.,Autos,Automobile and Auto Components,Nifty500,INE0LEZ01016,,ATHERENERG,NSE Constituents:Nifty500,2026-06-10T15:09:55.166518+05:30
ATUL,Atul Ltd.,Chemicals,Chemicals,Nifty500,INE100A01010,,ATUL,NSE Constituents:Nifty500,2026-06-10T15:09:55.166518+05:30
AUBANK,AU Small Finance Bank Ltd.,Financial Services,Financial Services,Nifty500,INE949L01017,,AUBANK,NSE Constituents:Nifty500,2026-06-10T15:09:55.166518+05:30
AUROPHARMA,Aurobindo Pharma Ltd.,Pharma,Healthcare,Nifty500,INE406A01037,,AUROPHARMA,NSE Constituents:Nifty500,2026-06-10T15:09:55.166518+05:30
AWL,AWL Agri Business Ltd.,Consumer,Fast Moving Consumer Goods,Nifty500,INE699H01024,,AWL,NSE Constituents:Nifty500,2026-06-10T15:09:55.166518+05:30
AXISBANK,Axis Bank Ltd.,Financial Services,Financial Services,Nifty500,INE238A01034,,AXISBANK,NSE Constituents:Nifty500,2026-06-10T15:09:55.166518+05:30
BAJAJ-AUTO,Bajaj Auto Ltd.,Autos,Automobile and Auto Components,Nifty500,INE917I01010,,BAJAJ-AUTO,NSE Constituents:Nifty500,2026-06-10T15:09:55.166518+05:30
BAJAJFINSV,Bajaj Finserv Ltd.,Financial Services,Financial Services,Nifty500,INE918I01026,,BAJAJFINSV,NSE Constituents:Nifty500,2026-06-10T15:09:55.166518+05:30
BAJAJHFL,Bajaj Housing Finance Ltd.,Financial Services,Financial Services,Nifty500,INE377Y01014,,BAJAJHFL,NSE Constituents:Nifty500,2026-06-10T15:09:55.166518+05:30
BAJAJHLDNG,Bajaj Holdings & Investment Ltd.,Financial Services,Financial Services,Nifty500,INE118A01012,,BAJAJHLDNG,NSE Constituents:Nifty500,2026-06-10T15:09:55.166518+05:30
BAJFINANCE,Bajaj Finance Ltd.,Financial Services,Financial Services,Nifty500,INE296A01032,,BAJFINANCE,NSE Constituents:Nifty500,2026-06-10T15:09:55.166518+05:30
BALKRISIND,Balkrishna Industries Ltd.,Autos,Automobile and Auto Components,Nifty500,INE787D01026,,BALKRISIND,NSE Constituents:Nifty500,2026-06-10T15:09:55.166518+05:30
BALRAMCHIN,Balrampur Chini Mills Ltd.,Consumer,Fast Moving Consumer Goods,Nifty500,INE119A01028,,BALRAMCHIN,NSE Constituents:Nifty500,2026-06-10T15:09:55.166518+05:30
BANDHANBNK,Bandhan Bank Ltd.,Financial Services,Financial Services,Nifty500,INE545U01014,,BANDHANBNK,NSE Constituents:Nifty500,2026-06-10T15:09:55.166518+05:30
BANKBARODA,Bank of Baroda,Financial Services,Financial Services,Nifty500,INE028A01039,,BANKBARODA,NSE Constituents:Nifty500,2026-06-10T15:09:55.166518+05:30
BANKINDIA,Bank of India,Financial Services,Financial Services,Nifty500,INE084A01016,,BANKINDIA,NSE Constituents:Nifty500,2026-06-10T15:09:55.166518+05:30
BATAINDIA,Bata India Ltd.,Consumer,Consumer Durables,Nifty500,INE176A01028,,BATAINDIA,NSE Constituents:Nifty500,2026-06-10T15:09:55.166518+05:30
BAYERCROP,Bayer Cropscience Ltd.,Chemicals,Chemicals,Nifty500,INE462A01022,,BAYERCROP,NSE Constituents:Nifty500,2026-06-10T15:09:55.166518+05:30
BBTC,Bombay Burmah Trading Corporation Ltd.,Consumer,Fast Moving Consumer Goods,Nifty500,INE050A01025,,BBTC,NSE Constituents:Nifty500,2026-06-10T15:09:55.166518+05:30
BDL,Bharat Dynamics Ltd.,IT Services,Capital Goods,Nifty500,INE171Z01026,,BDL,NSE Constituents:Nifty500,2026-06-10T15:09:55.166518+05:30
BEL,Bharat Electronics Ltd.,IT Services,Capital Goods,Nifty500,INE263A01024,,BEL,NSE Constituents:Nifty500,2026-06-10T15:09:55.166518+05:30
BELRISE,Belrise Industries Ltd.,Autos,Automobile and Auto Components,Nifty500,INE894V01022,,BELRISE,NSE Constituents:Nifty500,2026-06-10T15:09:55.166518+05:30
BEML,BEML Ltd.,IT Services,Capital Goods,Nifty500,INE258A01024,,BEML,NSE Constituents:Nifty500,2026-06-10T15:09:55.166518+05:30
BERGEPAINT,Berger Paints India Ltd.,Consumer,Consumer Durables,Nifty500,INE463A01038,,BERGEPAINT,NSE Constituents:Nifty500,2026-06-10T15:09:55.166518+05:30
BHARATFORG,Bharat Forge Ltd.,Autos,Automobile and Auto Components,Nifty500,INE465A01025,,BHARATFORG,NSE Constituents:Nifty500,2026-06-10T15:09:55.166518+05:30
BHARTIARTL,Bharti Airtel Ltd.,Telecom,Telecommunication,Nifty500,INE397D01024,,BHARTIARTL,NSE Constituents:Nifty500,2026-06-10T15:09:55.166518+05:30
BHARTIHEXA,Bharti Hexacom Ltd.,Telecom,Telecommunication,Nifty500,INE343G01021,,BHARTIHEXA,NSE Constituents:Nifty500,2026-06-10T15:09:55.166518+05:30
BHEL,Bharat Heavy Electricals Ltd.,IT Services,Capital Goods,Nifty500,INE257A01026,,BHEL,NSE Constituents:Nifty500,2026-06-10T15:09:55.166518+05:30
BIKAJI,Bikaji Foods International Ltd.,Consumer,Fast Moving Consumer Goods,Nifty500,INE00E101023,,BIKAJI,NSE Constituents:Nifty500,2026-06-10T15:09:55.166518+05:30
BIOCON,Biocon Ltd.,Pharma,Healthcare,Nifty500,INE376G01013,,BIOCON,NSE Constituents:Nifty500,2026-06-10T15:09:55.166518+05:30
BLS,BLS International Services Ltd.,Consumer,Consumer Services,Nifty500,INE153T01027,,BLS,NSE Constituents:Nifty500,2026-06-10T15:09:55.166518+05:30
BLUEDART,Blue Dart Express Ltd.,Other,Services,Nifty500,INE233B01017,,BLUEDART,NSE Constituents:Nifty500,2026-06-10T15:09:55.166518+05:30
BLUEJET,Blue Jet Healthcare Ltd.,Pharma,Healthcare,Nifty500,INE0KBH01020,,BLUEJET,NSE Constituents:Nifty500,2026-06-10T15:09:55.166518+05:30
BLUESTARCO,Blue Star Ltd.,Consumer,Consumer Durables,Nifty500,INE472A01039,,BLUESTARCO,NSE Constituents:Nifty500,2026-06-10T15:09:55.166518+05:30
BOSCHLTD,Bosch Ltd.,Autos,Automobile and Auto Components,Nifty500,INE323A01026,,BOSCHLTD,NSE Constituents:Nifty500,2026-06-10T15:09:55.166518+05:30
BPCL,Bharat Petroleum Corporation Ltd.,Oil & Gas,Oil Gas & Consumable Fuels,Nifty500,INE029A01011,,BPCL,NSE Constituents:Nifty500,2026-06-10T15:09:55.166518+05:30
BRIGADE,Brigade Enterprises Ltd.,Real Estate,Realty,Nifty500,INE791I01019,,BRIGADE,NSE Constituents:Nifty500,2026-06-10T15:09:55.166518+05:30
BRITANNIA,Britannia Industries Ltd.,Consumer,Fast Moving Consumer Goods,Nifty500,INE216A01030,,BRITANNIA,NSE Constituents:Nifty500,2026-06-10T15:09:55.166518+05:30
BSE,BSE Ltd.,Financial Services,Financial Services,Nifty500,INE118H01025,,BSE,NSE Constituents:Nifty500,2026-06-10T15:09:55.166518+05:30
BSOFT,Birlasoft Ltd.,IT Services,Information Technology,Nifty500,INE836A01035,,BSOFT,NSE Constituents:Nifty500,2026-06-10T15:09:55.166518+05:30
CAMS,Computer Age Management Services Ltd.,Financial Services,Financial Services,Nifty500,INE596I01020,,CAMS,NSE Constituents:Nifty500,2026-06-10T15:09:55.166518+05:30
CANBK,Canara Bank,Financial Services,Financial Services,Nifty500,INE476A01022,,CANBK,NSE Constituents:Nifty500,2026-06-10T15:09:55.166518+05:30
CANFINHOME,Can Fin Homes Ltd.,Financial Services,Financial Services,Nifty500,INE477A01020,,CANFINHOME,NSE Constituents:Nifty500,2026-06-10T15:09:55.166518+05:30
CANHLIFE,Canara HSBC Life Insurance Company Ltd.,Financial Services,Financial Services,Nifty500,INE01TY01017,,CANHLIFE,NSE Constituents:Nifty500,2026-06-10T15:09:55.166518+05:30
CAPLIPOINT,Caplin Point Laboratories Ltd.,Pharma,Healthcare,Nifty500,INE475E01026,,CAPLIPOINT,NSE Constituents:Nifty500,2026-06-10T15:09:55.166518+05:30
CARBORUNIV,Carborundum Universal Ltd.,IT Services,Capital Goods,Nifty500,INE120A01034,,CARBORUNIV,NSE Constituents:Nifty500,2026-06-10T15:09:55.166518+05:30
CARTRADE,Cartrade Tech Ltd.,Consumer,Consumer Services,Nifty500,INE290S01011,,CARTRADE,NSE Constituents:Nifty500,2026-06-10T15:09:55.166518+05:30
CASTROLIND,Castrol India Ltd.,Oil & Gas,Oil Gas & Consumable Fuels,Nifty500,INE172A01027,,CASTROLIND,NSE Constituents:Nifty500,2026-06-10T15:09:55.166518+05:30
CCL,CCL Products (I) Ltd.,Consumer,Fast Moving Consumer Goods,Nifty500,INE421D01022,,CCL,NSE Constituents:Nifty500,2026-06-10T15:09:55.166518+05:30
CDSL,Central Depository Services (India) Ltd.,Financial Services,Financial Services,Nifty500,INE736A01011,,CDSL,NSE Constituents:Nifty500,2026-06-10T15:09:55.166518+05:30
CEATLTD,Ceat Ltd.,Autos,Automobile and Auto Components,Nifty500,INE482A01020,,CEATLTD,NSE Constituents:Nifty500,2026-06-10T15:09:55.166518+05:30
CEMPRO,Cemindia Projects Ltd.,Capital Goods,Construction,Nifty500,INE686A01026,,CEMPRO,NSE Constituents:Nifty500,2026-06-10T15:09:55.166518+05:30
CENTRALBK,Central Bank of India,Financial Services,Financial Services,Nifty500,INE483A01010,,CENTRALBK,NSE Constituents:Nifty500,2026-06-10T15:09:55.166518+05:30
CESC,CESC Ltd.,Power & Utilities,Power,Nifty500,INE486A01021,,CESC,NSE Constituents:Nifty500,2026-06-10T15:09:55.166518+05:30
CGCL,Capri Global Capital Ltd.,Financial Services,Financial Services,Nifty500,INE180C01042,,CGCL,NSE Constituents:Nifty500,2026-06-10T15:09:55.166518+05:30
CGPOWER,CG Power and Industrial Solutions Ltd.,IT Services,Capital Goods,Nifty500,INE067A01029,,CGPOWER,NSE Constituents:Nifty500,2026-06-10T15:09:55.166518+05:30
CHALET,Chalet Hotels Ltd.,Consumer,Consumer Services,Nifty500,INE427F01016,,CHALET,NSE Constituents:Nifty500,2026-06-10T15:09:55.166518+05:30
CHAMBLFERT,Chambal Fertilizers & Chemicals Ltd.,Chemicals,Chemicals,Nifty500,INE085A01013,,CHAMBLFERT,NSE Constituents:Nifty500,2026-06-10T15:09:55.166518+05:30
CHENNPETRO,Chennai Petroleum Corporation Ltd.,Oil & Gas,Oil Gas & Consumable Fuels,Nifty500,INE178A01016,,CHENNPETRO,NSE Constituents:Nifty500,2026-06-10T15:09:55.166518+05:30
CHOICEIN,Choice International Ltd.,Financial Services,Financial Services,Nifty500,INE102B01014,,CHOICEIN,NSE Constituents:Nifty500,2026-06-10T15:09:55.166518+05:30
CHOLAFIN,Cholamandalam Investment and Finance Company Ltd.,Financial Services,Financial Services,Nifty500,INE121A01024,,CHOLAFIN,NSE Constituents:Nifty500,2026-06-10T15:09:55.166518+05:30
CHOLAHLDNG,Cholamandalam Financial Holdings Ltd.,Financial Services,Financial Services,Nifty500,INE149A01033,,CHOLAHLDNG,NSE Constituents:Nifty500,2026-06-10T15:09:55.166518+05:30
CIEINDIA,CIE Automotive India Ltd.,Autos,Automobile and Auto Components,Nifty500,INE536H01010,,CIEINDIA,NSE Constituents:Nifty500,2026-06-10T15:09:55.166518+05:30
CIPLA,Cipla Ltd.,Pharma,Healthcare,Nifty500,INE059A01026,,CIPLA,NSE Constituents:Nifty500,2026-06-10T15:09:55.166518+05:30
CLEAN,Clean Science and Technology Ltd.,Chemicals,Chemicals,Nifty500,INE227W01023,,CLEAN,NSE Constituents:Nifty500,2026-06-10T15:09:55.166518+05:30
COALINDIA,Coal India Ltd.,Oil & Gas,Oil Gas & Consumable Fuels,Nifty500,INE522F01014,,COALINDIA,NSE Constituents:Nifty500,2026-06-10T15:09:55.166518+05:30
COCHINSHIP,Cochin Shipyard Ltd.,IT Services,Capital Goods,Nifty500,INE704P01025,,COCHINSHIP,NSE Constituents:Nifty500,2026-06-10T15:09:55.166518+05:30
COFORGE,Coforge Ltd.,IT Services,Information Technology,Nifty500,INE591G01025,,COFORGE,NSE Constituents:Nifty500,2026-06-10T15:09:55.166518+05:30
COHANCE,Cohance Lifesciences Ltd.,Pharma,Healthcare,Nifty500,INE03QK01018,,COHANCE,NSE Constituents:Nifty500,2026-06-10T15:09:55.166518+05:30
COLPAL,Colgate Palmolive (India) Ltd.,Consumer,Fast Moving Consumer Goods,Nifty500,INE259A01022,,COLPAL,NSE Constituents:Nifty500,2026-06-10T15:09:55.166518+05:30
CONCOR,Container Corporation of India Ltd.,Other,Services,Nifty500,INE111A01025,,CONCOR,NSE Constituents:Nifty500,2026-06-10T15:09:55.166518+05:30
CONCORDBIO,Concord Biotech Ltd.,Pharma,Healthcare,Nifty500,INE338H01029,,CONCORDBIO,NSE Constituents:Nifty500,2026-06-10T15:09:55.166518+05:30
COROMANDEL,Coromandel International Ltd.,Chemicals,Chemicals,Nifty500,INE169A01031,,COROMANDEL,NSE Constituents:Nifty500,2026-06-10T15:09:55.166518+05:30
CPPLUS,Aditya Infotech Ltd.,IT Services,Capital Goods,Nifty500,INE819V01029,,CPPLUS,NSE Constituents:Nifty500,2026-06-10T15:09:55.166518+05:30
CRAFTSMAN,Craftsman Automation Ltd.,Autos,Automobile and Auto Components,Nifty500,INE00LO01017,,CRAFTSMAN,NSE Constituents:Nifty500,2026-06-10T15:09:55.166518+05:30
CREDITACC,CreditAccess Grameen Ltd.,Financial Services,Financial Services,Nifty500,INE741K01010,,CREDITACC,NSE Constituents:Nifty500,2026-06-10T15:09:55.166518+05:30
CRISIL,CRISIL Ltd.,Financial Services,Financial Services,Nifty500,INE007A01025,,CRISIL,NSE Constituents:Nifty500,2026-06-10T15:09:55.166518+05:30
CROMPTON,Crompton Greaves Consumer Electricals Ltd.,Consumer,Consumer Durables,Nifty500,INE299U01018,,CROMPTON,NSE Constituents:Nifty500,2026-06-10T15:09:55.166518+05:30
CUB,City Union Bank Ltd.,Financial Services,Financial Services,Nifty500,INE491A01021,,CUB,NSE Constituents:Nifty500,2026-06-10T15:09:55.166518+05:30
CUMMINSIND,Cummins India Ltd.,IT Services,Capital Goods,Nifty500,INE298A01020,,CUMMINSIND,NSE Constituents:Nifty500,2026-06-10T15:09:55.166518+05:30
CYIENT,Cyient Ltd.,IT Services,Information Technology,Nifty500,INE136B01020,,CYIENT,NSE Constituents:Nifty500,2026-06-10T15:09:55.166518+05:30
DABUR,Dabur India Ltd.,Consumer,Fast Moving Consumer Goods,Nifty500,INE016A01026,,DABUR,NSE Constituents:Nifty500,2026-06-10T15:09:55.166518+05:30
DALBHARAT,Dalmia Bharat Ltd.,Capital Goods,Construction Materials,Nifty500,INE00R701025,,DALBHARAT,NSE Constituents:Nifty500,2026-06-10T15:09:55.166518+05:30
DATAPATTNS,Data Patterns (India) Ltd.,IT Services,Capital Goods,Nifty500,INE0IX101010,,DATAPATTNS,NSE Constituents:Nifty500,2026-06-10T15:09:55.166518+05:30
DCMSHRIRAM,DCM Shriram Ltd.,Other,Diversified,Nifty500,INE499A01024,,DCMSHRIRAM,NSE Constituents:Nifty500,2026-06-10T15:09:55.166518+05:30
DEEPAKFERT,Deepak Fertilisers & Petrochemicals Corp. Ltd.,Chemicals,Chemicals,Nifty500,INE501A01019,,DEEPAKFERT,NSE Constituents:Nifty500,2026-06-10T15:09:55.166518+05:30
DEEPAKNTR,Deepak Nitrite Ltd.,Chemicals,Chemicals,Nifty500,INE288B01029,,DEEPAKNTR,NSE Constituents:Nifty500,2026-06-10T15:09:55.166518+05:30
DELHIVERY,Delhivery Ltd.,Other,Services,Nifty500,INE148O01028,,DELHIVERY,NSE Constituents:Nifty500,2026-06-10T15:09:55.166518+05:30
DEVYANI,Devyani International Ltd.,Consumer,Consumer Services,Nifty500,INE872J01023,,DEVYANI,NSE Constituents:Nifty500,2026-06-10T15:09:55.166518+05:30
DIVISLAB,Divi's Laboratories Ltd.,Pharma,Healthcare,Nifty500,INE361B01024,,DIVISLAB,NSE Constituents:Nifty500,2026-06-10T15:09:55.166518+05:30
DIXON,Dixon Technologies (India) Ltd.,Consumer,Consumer Durables,Nifty500,INE935N01020,,DIXON,NSE Constituents:Nifty500,2026-06-10T15:09:55.166518+05:30
DLF,DLF Ltd.,Real Estate,Realty,Nifty500,INE271C01023,,DLF,NSE Constituents:Nifty500,2026-06-10T15:09:55.166518+05:30
DMART,Avenue Supermarts Ltd.,Consumer,Consumer Services,Nifty500,INE192R01011,,DMART,NSE Constituents:Nifty500,2026-06-10T15:09:55.166518+05:30
DOMS,DOMS Industries Ltd.,Consumer,Fast Moving Consumer Goods,Nifty500,INE321T01012,,DOMS,NSE Constituents:Nifty500,2026-06-10T15:09:55.166518+05:30
DRREDDY,Dr. Reddy's Laboratories Ltd.,Pharma,Healthcare,Nifty500,INE089A01031,,DRREDDY,NSE Constituents:Nifty500,2026-06-10T15:09:55.166518+05:30
ECLERX,eClerx Services Ltd.,Other,Services,Nifty500,INE738I01010,,ECLERX,NSE Constituents:Nifty500,2026-06-10T15:09:55.166518+05:30
EICHERMOT,Eicher Motors Ltd.,Autos,Automobile and Auto Components,Nifty500,INE066A01021,,EICHERMOT,NSE Constituents:Nifty500,2026-06-10T15:09:55.166518+05:30
EIDPARRY,E.I.D. Parry (India) Ltd.,Consumer,Fast Moving Consumer Goods,Nifty500,INE126A01031,,EIDPARRY,NSE Constituents:Nifty500,2026-06-10T15:09:55.166518+05:30
EIHOTEL,EIH Ltd.,Consumer,Consumer Services,Nifty500,INE230A01023,,EIHOTEL,NSE Constituents:Nifty500,2026-06-10T15:09:55.166518+05:30
ELECON,Elecon Engineering Co. Ltd.,IT Services,Capital Goods,Nifty500,INE205B01031,,ELECON,NSE Constituents:Nifty500,2026-06-10T15:09:55.166518+05:30
ELGIEQUIP,Elgi Equipments Ltd.,IT Services,Capital Goods,Nifty500,INE285A01027,,ELGIEQUIP,NSE Constituents:Nifty500,2026-06-10T15:09:55.166518+05:30
EMAMILTD,Emami Ltd.,Consumer,Fast Moving Consumer Goods,Nifty500,INE548C01032,,EMAMILTD,NSE Constituents:Nifty500,2026-06-10T15:09:55.166518+05:30
EMCURE,Emcure Pharmaceuticals Ltd.,Pharma,Healthcare,Nifty500,INE168P01015,,EMCURE,NSE Constituents:Nifty500,2026-06-10T15:09:55.166518+05:30
EMMVEE,Emmvee Photovoltaic Power Ltd.,IT Services,Capital Goods,Nifty500,INE1C6T01020,,EMMVEE,NSE Constituents:Nifty500,2026-06-10T15:09:55.166518+05:30
ENDURANCE,Endurance Technologies Ltd.,Autos,Automobile and Auto Components,Nifty500,INE913H01037,,ENDURANCE,NSE Constituents:Nifty500,2026-06-10T15:09:55.166518+05:30
ENGINERSIN,Engineers India Ltd.,Capital Goods,Construction,Nifty500,INE510A01028,,ENGINERSIN,NSE Constituents:Nifty500,2026-06-10T15:09:55.166518+05:30
ENRIN,Siemens Energy India Ltd.,IT Services,Capital Goods,Nifty500,INE1NPP01017,,ENRIN,NSE Constituents:Nifty500,2026-06-10T15:09:55.166518+05:30
ERIS,Eris Lifesciences Ltd.,Pharma,Healthcare,Nifty500,INE406M01024,,ERIS,NSE Constituents:Nifty500,2026-06-10T15:09:55.166518+05:30
ESCORTS,Escorts Kubota Ltd.,IT Services,Capital Goods,Nifty500,INE042A01014,,ESCORTS,NSE Constituents:Nifty500,2026-06-10T15:09:55.166518+05:30
ETERNAL,Eternal Ltd.,Consumer,Consumer Services,Nifty500,INE758T01015,,ETERNAL,NSE Constituents:Nifty500,2026-06-10T15:09:55.166518+05:30
EXIDEIND,Exide Industries Ltd.,Autos,Automobile and Auto Components,Nifty500,INE302A01020,,EXIDEIND,NSE Constituents:Nifty500,2026-06-10T15:09:55.166518+05:30
FACT,Fertilisers and Chemicals Travancore Ltd.,Chemicals,Chemicals,Nifty500,INE188A01015,,FACT,NSE Constituents:Nifty500,2026-06-10T15:09:55.166518+05:30
FEDERALBNK,Federal Bank Ltd.,Financial Services,Financial Services,Nifty500,INE171A01029,,FEDERALBNK,NSE Constituents:Nifty500,2026-06-10T15:09:55.166518+05:30
FINCABLES,Finolex Cables Ltd.,IT Services,Capital Goods,Nifty500,INE235A01022,,FINCABLES,NSE Constituents:Nifty500,2026-06-10T15:09:55.166518+05:30
FIRSTCRY,Brainbees Solutions Ltd.,Consumer,Consumer Services,Nifty500,INE02RE01045,,FIRSTCRY,NSE Constituents:Nifty500,2026-06-10T15:09:55.166518+05:30
FIVESTAR,Five-Star Business Finance Ltd.,Financial Services,Financial Services,Nifty500,INE128S01021,,FIVESTAR,NSE Constituents:Nifty500,2026-06-10T15:09:55.166518+05:30
FLUOROCHEM,Gujarat Fluorochemicals Ltd.,Chemicals,Chemicals,Nifty500,INE09N301011,,FLUOROCHEM,NSE Constituents:Nifty500,2026-06-10T15:09:55.166518+05:30
FORCEMOT,Force Motors Ltd.,Autos,Automobile and Auto Components,Nifty500,INE451A01017,,FORCEMOT,NSE Constituents:Nifty500,2026-06-10T15:09:55.166518+05:30
FORTIS,Fortis Healthcare Ltd.,Pharma,Healthcare,Nifty500,INE061F01013,,FORTIS,NSE Constituents:Nifty500,2026-06-10T15:09:55.166518+05:30
FSL,Firstsource Solutions Ltd.,Other,Services,Nifty500,INE684F01012,,FSL,NSE Constituents:Nifty500,2026-06-10T15:09:55.166518+05:30
GABRIEL,Gabriel India Ltd.,Autos,Automobile and Auto Components,Nifty500,INE524A01029,,GABRIEL,NSE Constituents:Nifty500,2026-06-10T15:09:55.166518+05:30
GAIL,GAIL (India) Ltd.,Oil & Gas,Oil Gas & Consumable Fuels,Nifty500,INE129A01019,,GAIL,NSE Constituents:Nifty500,2026-06-10T15:09:55.166518+05:30
GALLANTT,Gallantt Ispat Ltd.,IT Services,Capital Goods,Nifty500,INE297H01019,,GALLANTT,NSE Constituents:Nifty500,2026-06-10T15:09:55.166518+05:30
GESHIP,Great Eastern Shipping Co. Ltd.,Other,Services,Nifty500,INE017A01032,,GESHIP,NSE Constituents:Nifty500,2026-06-10T15:09:55.166518+05:30
GICRE,General Insurance Corporation of India,Financial Services,Financial Services,Nifty500,INE481Y01014,,GICRE,NSE Constituents:Nifty500,2026-06-10T15:09:55.166518+05:30
GILLETTE,Gillette India Ltd.,Consumer,Fast Moving Consumer Goods,Nifty500,INE322A01010,,GILLETTE,NSE Constituents:Nifty500,2026-06-10T15:09:55.166518+05:30
GLAND,Gland Pharma Ltd.,Pharma,Healthcare,Nifty500,INE068V01023,,GLAND,NSE Constituents:Nifty500,2026-06-10T15:09:55.166518+05:30
GLAXO,Glaxosmithkline Pharmaceuticals Ltd.,Pharma,Healthcare,Nifty500,INE159A01016,,GLAXO,NSE Constituents:Nifty500,2026-06-10T15:09:55.166518+05:30
GLENMARK,Glenmark Pharmaceuticals Ltd.,Pharma,Healthcare,Nifty500,INE935A01035,,GLENMARK,NSE Constituents:Nifty500,2026-06-10T15:09:55.166518+05:30
GMDCLTD,Gujarat Mineral Development Corporation Ltd.,Metals,Metals & Mining,Nifty500,INE131A01031,,GMDCLTD,NSE Constituents:Nifty500,2026-06-10T15:09:55.166518+05:30
GMRAIRPORT,GMR Airports Ltd.,Other,Services,Nifty500,INE776C01039,,GMRAIRPORT,NSE Constituents:Nifty500,2026-06-10T15:09:55.166518+05:30
GODFRYPHLP,Godfrey Phillips India Ltd.,Consumer,Fast Moving Consumer Goods,Nifty500,INE260B01028,,GODFRYPHLP,NSE Constituents:Nifty500,2026-06-10T15:09:55.166518+05:30
GODIGIT,Go Digit General Insurance Ltd.,Financial Services,Financial Services,Nifty500,INE03JT01014,,GODIGIT,NSE Constituents:Nifty500,2026-06-10T15:09:55.166518+05:30
GODREJCP,Godrej Consumer Products Ltd.,Consumer,Fast Moving Consumer Goods,Nifty500,INE102D01028,,GODREJCP,NSE Constituents:Nifty500,2026-06-10T15:09:55.166518+05:30
GODREJIND,Godrej Industries Ltd.,Other,Diversified,Nifty500,INE233A01035,,GODREJIND,NSE Constituents:Nifty500,2026-06-10T15:09:55.166518+05:30
GODREJPROP,Godrej Properties Ltd.,Real Estate,Realty,Nifty500,INE484J01027,,GODREJPROP,NSE Constituents:Nifty500,2026-06-10T15:09:55.166518+05:30
GPIL,Godawari Power & Ispat Ltd.,IT Services,Capital Goods,Nifty500,INE177H01039,,GPIL,NSE Constituents:Nifty500,2026-06-10T15:09:55.166518+05:30
GRANULES,Granules India Ltd.,Pharma,Healthcare,Nifty500,INE101D01020,,GRANULES,NSE Constituents:Nifty500,2026-06-10T15:09:55.166518+05:30
GRAPHITE,Graphite India Ltd.,IT Services,Capital Goods,Nifty500,INE371A01025,,GRAPHITE,NSE Constituents:Nifty500,2026-06-10T15:09:55.166518+05:30
GRASIM,Grasim Industries Ltd.,Capital Goods,Construction Materials,Nifty500,INE047A01021,,GRASIM,NSE Constituents:Nifty500,2026-06-10T15:09:55.166518+05:30
GRAVITA,Gravita India Ltd.,Metals,Metals & Mining,Nifty500,INE024L01027,,GRAVITA,NSE Constituents:Nifty500,2026-06-10T15:09:55.166518+05:30
GROWW,Billionbrains Garage Ventures Ltd.,Financial Services,Financial Services,Nifty500,INE0HOQ01053,,GROWW,NSE Constituents:Nifty500,2026-06-10T15:09:55.166518+05:30
GRSE,Garden Reach Shipbuilders & Engineers Ltd.,IT Services,Capital Goods,Nifty500,INE382Z01011,,GRSE,NSE Constituents:Nifty500,2026-06-10T15:09:55.166518+05:30
GVT&D,GE Vernova T&D India Ltd.,IT Services,Capital Goods,Nifty500,INE200A01026,,GVT&D,NSE Constituents:Nifty500,2026-06-10T15:09:55.166518+05:30
HAL,Hindustan Aeronautics Ltd.,IT Services,Capital Goods,Nifty500,INE066F01020,,HAL,NSE Constituents:Nifty500,2026-06-10T15:09:55.166518+05:30
HAVELLS,Havells India Ltd.,Consumer,Consumer Durables,Nifty500,INE176B01034,,HAVELLS,NSE Constituents:Nifty500,2026-06-10T15:09:55.166518+05:30
HBLENGINE,HBL Engineering Ltd.,IT Services,Capital Goods,Nifty500,INE292B01021,,HBLENGINE,NSE Constituents:Nifty500,2026-06-10T15:09:55.166518+05:30
HCLTECH,HCL Technologies Ltd.,IT Services,Information Technology,Nifty500,INE860A01027,,HCLTECH,NSE Constituents:Nifty500,2026-06-10T15:09:55.166518+05:30
HDBFS,HDB Financial Services Ltd.,Financial Services,Financial Services,Nifty500,INE756I01012,,HDBFS,NSE Constituents:Nifty500,2026-06-10T15:09:55.166518+05:30
HDFCAMC,HDFC Asset Management Company Ltd.,Financial Services,Financial Services,Nifty500,INE127D01025,,HDFCAMC,NSE Constituents:Nifty500,2026-06-10T15:09:55.166518+05:30
HDFCBANK,HDFC Bank Ltd.,Financial Services,Financial Services,Nifty500,INE040A01034,,HDFCBANK,NSE Constituents:Nifty500,2026-06-10T15:09:55.166518+05:30
HDFCLIFE,HDFC Life Insurance Company Ltd.,Financial Services,Financial Services,Nifty500,INE795G01014,,HDFCLIFE,NSE Constituents:Nifty500,2026-06-10T15:09:55.166518+05:30
HEG,H.E.G. Ltd.,IT Services,Capital Goods,Nifty500,INE545A01024,,HEG,NSE Constituents:Nifty500,2026-06-10T15:09:55.166518+05:30
HEROMOTOCO,Hero MotoCorp Ltd.,Autos,Automobile and Auto Components,Nifty500,INE158A01026,,HEROMOTOCO,NSE Constituents:Nifty500,2026-06-10T15:09:55.166518+05:30
HEXT,Hexaware Technologies Ltd.,IT Services,Information Technology,Nifty500,INE093A01041,,HEXT,NSE Constituents:Nifty500,2026-06-10T15:09:55.166518+05:30
HFCL,HFCL Ltd.,Telecom,Telecommunication,Nifty500,INE548A01028,,HFCL,NSE Constituents:Nifty500,2026-06-10T15:09:55.166518+05:30
HINDALCO,Hindalco Industries Ltd.,Metals,Metals & Mining,Nifty500,INE038A01020,,HINDALCO,NSE Constituents:Nifty500,2026-06-10T15:09:55.166518+05:30
HINDCOPPER,Hindustan Copper Ltd.,Metals,Metals & Mining,Nifty500,INE531E01026,,HINDCOPPER,NSE Constituents:Nifty500,2026-06-10T15:09:55.166518+05:30
HINDPETRO,Hindustan Petroleum Corporation Ltd.,Oil & Gas,Oil Gas & Consumable Fuels,Nifty500,INE094A01015,,HINDPETRO,NSE Constituents:Nifty500,2026-06-10T15:09:55.166518+05:30
HINDUNILVR,Hindustan Unilever Ltd.,Consumer,Fast Moving Consumer Goods,Nifty500,INE030A01027,,HINDUNILVR,NSE Constituents:Nifty500,2026-06-10T15:09:55.166518+05:30
HINDZINC,Hindustan Zinc Ltd.,Metals,Metals & Mining,Nifty500,INE267A01025,,HINDZINC,NSE Constituents:Nifty500,2026-06-10T15:09:55.166518+05:30
HOMEFIRST,Home First Finance Company India Ltd.,Financial Services,Financial Services,Nifty500,INE481N01025,,HOMEFIRST,NSE Constituents:Nifty500,2026-06-10T15:09:55.166518+05:30
HONASA,Honasa Consumer Ltd.,Consumer,Fast Moving Consumer Goods,Nifty500,INE0J5401028,,HONASA,NSE Constituents:Nifty500,2026-06-10T15:09:55.166518+05:30
HONAUT,Honeywell Automation India Ltd.,IT Services,Capital Goods,Nifty500,INE671A01010,,HONAUT,NSE Constituents:Nifty500,2026-06-10T15:09:55.166518+05:30
HSCL,Himadri Speciality Chemical Ltd.,Chemicals,Chemicals,Nifty500,INE019C01026,,HSCL,NSE Constituents:Nifty500,2026-06-10T15:09:55.166518+05:30
HUDCO,Housing & Urban Development Corporation Ltd.,Financial Services,Financial Services,Nifty500,INE031A01017,,HUDCO,NSE Constituents:Nifty500,2026-06-10T15:09:55.166518+05:30
HYUNDAI,Hyundai Motor India Ltd.,Autos,Automobile and Auto Components,Nifty500,INE0V6F01027,,HYUNDAI,NSE Constituents:Nifty500,2026-06-10T15:09:55.166518+05:30
ICICIAMC,ICICI Prudential Asset Management Company Ltd.,Financial Services,Financial Services,Nifty500,INE346A01027,,ICICIAMC,NSE Constituents:Nifty500,2026-06-10T15:09:55.166518+05:30
ICICIBANK,ICICI Bank Ltd.,Financial Services,Financial Services,Nifty500,INE090A01021,,ICICIBANK,NSE Constituents:Nifty500,2026-06-10T15:09:55.166518+05:30
ICICIGI,ICICI Lombard General Insurance Company Ltd.,Financial Services,Financial Services,Nifty500,INE765G01017,,ICICIGI,NSE Constituents:Nifty500,2026-06-10T15:09:55.166518+05:30
ICICIPRULI,ICICI Prudential Life Insurance Company Ltd.,Financial Services,Financial Services,Nifty500,INE726G01019,,ICICIPRULI,NSE Constituents:Nifty500,2026-06-10T15:09:55.166518+05:30
IDBI,IDBI Bank Ltd.,Financial Services,Financial Services,Nifty500,INE008A01015,,IDBI,NSE Constituents:Nifty500,2026-06-10T15:09:55.166518+05:30
IDEA,Vodafone Idea Ltd.,Telecom,Telecommunication,Nifty500,INE669E01016,,IDEA,NSE Constituents:Nifty500,2026-06-10T15:09:55.166518+05:30
IDFCFIRSTB,IDFC First Bank Ltd.,Financial Services,Financial Services,Nifty500,INE092T01019,,IDFCFIRSTB,NSE Constituents:Nifty500,2026-06-10T15:09:55.166518+05:30
IEX,Indian Energy Exchange Ltd.,Financial Services,Financial Services,Nifty500,INE022Q01020,,IEX,NSE Constituents:Nifty500,2026-06-10T15:09:55.166518+05:30
IFCI,IFCI Ltd.,Financial Services,Financial Services,Nifty500,INE039A01010,,IFCI,NSE Constituents:Nifty500,2026-06-10T15:09:55.166518+05:30
IGIL,International Gemological Institute Ltd.,Other,Services,Nifty500,INE0Q9301021,,IGIL,NSE Constituents:Nifty500,2026-06-10T15:09:55.166518+05:30
IGL,Indraprastha Gas Ltd.,Oil & Gas,Oil Gas & Consumable Fuels,Nifty500,INE203G01027,,IGL,NSE Constituents:Nifty500,2026-06-10T15:09:55.166518+05:30
IIFL,IIFL Finance Ltd.,Financial Services,Financial Services,Nifty500,INE530B01024,,IIFL,NSE Constituents:Nifty500,2026-06-10T15:09:55.166518+05:30
IKS,Inventurus Knowledge Solutions Ltd.,IT Services,Information Technology,Nifty500,INE115Q01022,,IKS,NSE Constituents:Nifty500,2026-06-10T15:09:55.166518+05:30
INDGN,Indegene Ltd.,Pharma,Healthcare,Nifty500,INE065X01017,,INDGN,NSE Constituents:Nifty500,2026-06-10T15:09:55.166518+05:30
INDHOTEL,Indian Hotels Co. Ltd.,Consumer,Consumer Services,Nifty500,INE053A01029,,INDHOTEL,NSE Constituents:Nifty500,2026-06-10T15:09:55.166518+05:30
INDIACEM,India Cements Ltd.,Capital Goods,Construction Materials,Nifty500,INE383A01012,,INDIACEM,NSE Constituents:Nifty500,2026-06-10T15:09:55.166518+05:30
INDIAMART,Indiamart Intermesh Ltd.,Consumer,Consumer Services,Nifty500,INE933S01016,,INDIAMART,NSE Constituents:Nifty500,2026-06-10T15:09:55.166518+05:30
INDIANB,Indian Bank,Financial Services,Financial Services,Nifty500,INE562A01011,,INDIANB,NSE Constituents:Nifty500,2026-06-10T15:09:55.166518+05:30
INDIGO,InterGlobe Aviation Ltd.,Other,Services,Nifty500,INE646L01027,,INDIGO,NSE Constituents:Nifty500,2026-06-10T15:09:55.166518+05:30
INDUSINDBK,IndusInd Bank Ltd.,Financial Services,Financial Services,Nifty500,INE095A01012,,INDUSINDBK,NSE Constituents:Nifty500,2026-06-10T15:09:55.166518+05:30
INDUSTOWER,Indus Towers Ltd.,Telecom,Telecommunication,Nifty500,INE121J01017,,INDUSTOWER,NSE Constituents:Nifty500,2026-06-10T15:09:55.166518+05:30
INFY,Infosys Ltd.,IT Services,Information Technology,Nifty500,INE009A01021,,INFY,NSE Constituents:Nifty500,2026-06-10T15:09:55.166518+05:30
INOXWIND,Inox Wind Ltd.,IT Services,Capital Goods,Nifty500,INE066P01011,,INOXWIND,NSE Constituents:Nifty500,2026-06-10T15:09:55.166518+05:30
INTELLECT,Intellect Design Arena Ltd.,IT Services,Information Technology,Nifty500,INE306R01017,,INTELLECT,NSE Constituents:Nifty500,2026-06-10T15:09:55.166518+05:30
IOB,Indian Overseas Bank,Financial Services,Financial Services,Nifty500,INE565A01014,,IOB,NSE Constituents:Nifty500,2026-06-10T15:09:55.166518+05:30
IOC,Indian Oil Corporation Ltd.,Oil & Gas,Oil Gas & Consumable Fuels,Nifty500,INE242A01010,,IOC,NSE Constituents:Nifty500,2026-06-10T15:09:55.166518+05:30
IPCALAB,Ipca Laboratories Ltd.,Pharma,Healthcare,Nifty500,INE571A01038,,IPCALAB,NSE Constituents:Nifty500,2026-06-10T15:09:55.166518+05:30
IRB,IRB Infrastructure Developers Ltd.,Capital Goods,Construction,Nifty500,INE821I01022,,IRB,NSE Constituents:Nifty500,2026-06-10T15:09:55.166518+05:30
IRCON,IRCON International Ltd.,Capital Goods,Construction,Nifty500,INE962Y01021,,IRCON,NSE Constituents:Nifty500,2026-06-10T15:09:55.166518+05:30
IRCTC,Indian Railway Catering And Tourism Corporation Ltd.,Consumer,Consumer Services,Nifty500,INE335Y01020,,IRCTC,NSE Constituents:Nifty500,2026-06-10T15:09:55.166518+05:30
IREDA,Indian Renewable Energy Development Agency Ltd.,Financial Services,Financial Services,Nifty500,INE202E01016,,IREDA,NSE Constituents:Nifty500,2026-06-10T15:09:55.166518+05:30
IRFC,Indian Railway Finance Corporation Ltd.,Financial Services,Financial Services,Nifty500,INE053F01010,,IRFC,NSE Constituents:Nifty500,2026-06-10T15:09:55.166518+05:30
ITC,ITC Ltd.,Consumer,Fast Moving Consumer Goods,Nifty500,INE154A01025,,ITC,NSE Constituents:Nifty500,2026-06-10T15:09:55.166518+05:30
ITCHOTELS,ITC Hotels Ltd.,Consumer,Consumer Services,Nifty500,INE379A01028,,ITCHOTELS,NSE Constituents:Nifty500,2026-06-10T15:09:55.166518+05:30
ITI,ITI Ltd.,Telecom,Telecommunication,Nifty500,INE248A01017,,ITI,NSE Constituents:Nifty500,2026-06-10T15:09:55.166518+05:30
J&KBANK,Jammu & Kashmir Bank Ltd.,Financial Services,Financial Services,Nifty500,INE168A01041,,J&KBANK,NSE Constituents:Nifty500,2026-06-10T15:09:55.166518+05:30
JAINREC,Jain Resource Recycling Ltd.,Metals,Metals & Mining,Nifty500,INE0YD401026,,JAINREC,NSE Constituents:Nifty500,2026-06-10T15:09:55.166518+05:30
JBCHEPHARM,J.B. Chemicals & Pharmaceuticals Ltd.,Pharma,Healthcare,Nifty500,INE572A01036,,JBCHEPHARM,NSE Constituents:Nifty500,2026-06-10T15:09:55.166518+05:30
JBMA,JBM Auto Ltd.,Autos,Automobile and Auto Components,Nifty500,INE927D01051,,JBMA,NSE Constituents:Nifty500,2026-06-10T15:09:55.166518+05:30
JINDALSAW,Jindal Saw Ltd.,IT Services,Capital Goods,Nifty500,INE324A01032,,JINDALSAW,NSE Constituents:Nifty500,2026-06-10T15:09:55.166518+05:30
JINDALSTEL,Jindal Steel Ltd.,Metals,Metals & Mining,Nifty500,INE749A01030,,JINDALSTEL,NSE Constituents:Nifty500,2026-06-10T15:09:55.166518+05:30
JIOFIN,Jio Financial Services Ltd.,Financial Services,Financial Services,Nifty500,INE758E01017,,JIOFIN,NSE Constituents:Nifty500,2026-06-10T15:09:55.166518+05:30
JKCEMENT,J.K. Cement Ltd.,Capital Goods,Construction Materials,Nifty500,INE823G01014,,JKCEMENT,NSE Constituents:Nifty500,2026-06-10T15:09:55.166518+05:30
JKTYRE,JK Tyre & Industries Ltd.,Autos,Automobile and Auto Components,Nifty500,INE573A01042,,JKTYRE,NSE Constituents:Nifty500,2026-06-10T15:09:55.166518+05:30
JMFINANCIL,JM Financial Ltd.,Financial Services,Financial Services,Nifty500,INE780C01023,,JMFINANCIL,NSE Constituents:Nifty500,2026-06-10T15:09:55.166518+05:30
JPPOWER,Jaiprakash Power Ventures Ltd.,Power & Utilities,Power,Nifty500,INE351F01018,,JPPOWER,NSE Constituents:Nifty500,2026-06-10T15:09:55.166518+05:30
JSL,Jindal Stainless Ltd.,Metals,Metals & Mining,Nifty500,INE220G01021,,JSL,NSE Constituents:Nifty500,2026-06-10T15:09:55.166518+05:30
JSWCEMENT,JSW Cement Ltd.,Capital Goods,Construction Materials,Nifty500,INE718I01012,,JSWCEMENT,NSE Constituents:Nifty500,2026-06-10T15:09:55.166518+05:30
JSWDULUX,JSW Dulux Ltd.,Consumer,Consumer Durables,Nifty500,INE133A01011,,JSWDULUX,NSE Constituents:Nifty500,2026-06-10T15:09:55.166518+05:30
JSWENERGY,JSW Energy Ltd.,Power & Utilities,Power,Nifty500,INE121E01018,,JSWENERGY,NSE Constituents:Nifty500,2026-06-10T15:09:55.166518+05:30
JSWINFRA,JSW Infrastructure Ltd.,Other,Services,Nifty500,INE880J01026,,JSWINFRA,NSE Constituents:Nifty500,2026-06-10T15:09:55.166518+05:30
JSWSTEEL,JSW Steel Ltd.,Metals,Metals & Mining,Nifty500,INE019A01038,,JSWSTEEL,NSE Constituents:Nifty500,2026-06-10T15:09:55.166518+05:30
JUBLFOOD,Jubilant Foodworks Ltd.,Consumer,Consumer Services,Nifty500,INE797F01020,,JUBLFOOD,NSE Constituents:Nifty500,2026-06-10T15:09:55.166518+05:30
JUBLINGREA,Jubilant Ingrevia Ltd.,Chemicals,Chemicals,Nifty500,INE0BY001018,,JUBLINGREA,NSE Constituents:Nifty500,2026-06-10T15:09:55.166518+05:30
JUBLPHARMA,Jubilant Pharmova Ltd.,Pharma,Healthcare,Nifty500,INE700A01033,,JUBLPHARMA,NSE Constituents:Nifty500,2026-06-10T15:09:55.166518+05:30
JWL,Jupiter Wagons Ltd.,IT Services,Capital Goods,Nifty500,INE209L01016,,JWL,NSE Constituents:Nifty500,2026-06-10T15:09:55.166518+05:30
JYOTICNC,Jyoti CNC Automation Ltd.,IT Services,Capital Goods,Nifty500,INE980O01024,,JYOTICNC,NSE Constituents:Nifty500,2026-06-10T15:09:55.166518+05:30
KAJARIACER,Kajaria Ceramics Ltd.,Consumer,Consumer Durables,Nifty500,INE217B01036,,KAJARIACER,NSE Constituents:Nifty500,2026-06-10T15:09:55.166518+05:30
KALYANKJIL,Kalyan Jewellers India Ltd.,Consumer,Consumer Durables,Nifty500,INE303R01014,,KALYANKJIL,NSE Constituents:Nifty500,2026-06-10T15:09:55.166518+05:30
KARURVYSYA,Karur Vysya Bank Ltd.,Financial Services,Financial Services,Nifty500,INE036D01028,,KARURVYSYA,NSE Constituents:Nifty500,2026-06-10T15:09:55.166518+05:30
KAYNES,Kaynes Technology India Ltd.,IT Services,Capital Goods,Nifty500,INE918Z01012,,KAYNES,NSE Constituents:Nifty500,2026-06-10T15:09:55.166518+05:30
KEC,Kec International Ltd.,Capital Goods,Construction,Nifty500,INE389H01022,,KEC,NSE Constituents:Nifty500,2026-06-10T15:09:55.166518+05:30
KEI,KEI Industries Ltd.,IT Services,Capital Goods,Nifty500,INE878B01027,,KEI,NSE Constituents:Nifty500,2026-06-10T15:09:55.166518+05:30
KFINTECH,Kfin Technologies Ltd.,Financial Services,Financial Services,Nifty500,INE138Y01010,,KFINTECH,NSE Constituents:Nifty500,2026-06-10T15:09:55.166518+05:30
KIMS,Krishna Institute of Medical Sciences Ltd.,Pharma,Healthcare,Nifty500,INE967H01025,,KIMS,NSE Constituents:Nifty500,2026-06-10T15:09:55.166518+05:30
KIRLOSENG,Kirloskar Oil Eng Ltd.,IT Services,Capital Goods,Nifty500,INE146L01010,,KIRLOSENG,NSE Constituents:Nifty500,2026-06-10T15:09:55.166518+05:30
KOTAKBANK,Kotak Mahindra Bank Ltd.,Financial Services,Financial Services,Nifty500,INE237A01036,,KOTAKBANK,NSE Constituents:Nifty500,2026-06-10T15:09:55.166518+05:30
KPIL,Kalpataru Projects International Ltd.,Capital Goods,Construction,Nifty500,INE220B01022,,KPIL,NSE Constituents:Nifty500,2026-06-10T15:09:55.166518+05:30
KPITTECH,KPIT Technologies Ltd.,IT Services,Information Technology,Nifty500,INE04I401011,,KPITTECH,NSE Constituents:Nifty500,2026-06-10T15:09:55.166518+05:30
KPRMILL,K.P.R. Mill Ltd.,Other,Textiles,Nifty500,INE930H01031,,KPRMILL,NSE Constituents:Nifty500,2026-06-10T15:09:55.166518+05:30
LALPATHLAB,Dr. Lal Path Labs Ltd.,Pharma,Healthcare,Nifty500,INE600L01024,,LALPATHLAB,NSE Constituents:Nifty500,2026-06-10T15:09:55.166518+05:30
LATENTVIEW,Latent View Analytics Ltd.,IT Services,Information Technology,Nifty500,INE0I7C01011,,LATENTVIEW,NSE Constituents:Nifty500,2026-06-10T15:09:55.166518+05:30
LAURUSLABS,Laurus Labs Ltd.,Pharma,Healthcare,Nifty500,INE947Q01028,,LAURUSLABS,NSE Constituents:Nifty500,2026-06-10T15:09:55.166518+05:30
LEMONTREE,Lemon Tree Hotels Ltd.,Consumer,Consumer Services,Nifty500,INE970X01018,,LEMONTREE,NSE Constituents:Nifty500,2026-06-10T15:09:55.166518+05:30
LENSKART,Lenskart Solutions Ltd.,Consumer,Consumer Services,Nifty500,INE956O01016,,LENSKART,NSE Constituents:Nifty500,2026-06-10T15:09:55.166518+05:30
LGEINDIA,LG Electronics India Ltd.,Consumer,Consumer Durables,Nifty500,INE324D01010,,LGEINDIA,NSE Constituents:Nifty500,2026-06-10T15:09:55.166518+05:30
LICHSGFIN,LIC Housing Finance Ltd.,Financial Services,Financial Services,Nifty500,INE115A01026,,LICHSGFIN,NSE Constituents:Nifty500,2026-06-10T15:09:55.166518+05:30
LICI,Life Insurance Corporation of India,Financial Services,Financial Services,Nifty500,INE0J1Y01017,,LICI,NSE Constituents:Nifty500,2026-06-10T15:09:55.166518+05:30
LINDEINDIA,Linde India Ltd.,Chemicals,Chemicals,Nifty500,INE473A01011,,LINDEINDIA,NSE Constituents:Nifty500,2026-06-10T15:09:55.166518+05:30
LLOYDSME,Lloyds Metals And Energy Ltd.,Metals,Metals & Mining,Nifty500,INE281B01032,,LLOYDSME,NSE Constituents:Nifty500,2026-06-10T15:09:55.166518+05:30
LODHA,Lodha Developers Ltd.,Real Estate,Realty,Nifty500,INE670K01029,,LODHA,NSE Constituents:Nifty500,2026-06-10T15:09:55.166518+05:30
LT,Larsen & Toubro Ltd.,Capital Goods,Construction,Nifty500,INE018A01030,,LT,NSE Constituents:Nifty500,2026-06-10T15:09:55.166518+05:30
LTF,L&T Finance Ltd.,Financial Services,Financial Services,Nifty500,INE498L01015,,LTF,NSE Constituents:Nifty500,2026-06-10T15:09:55.166518+05:30
LTFOODS,LT Foods Ltd.,Consumer,Fast Moving Consumer Goods,Nifty500,INE818H01020,,LTFOODS,NSE Constituents:Nifty500,2026-06-10T15:09:55.166518+05:30
LTM,LTM Ltd.,IT Services,Information Technology,Nifty500,INE214T01019,,LTM,NSE Constituents:Nifty500,2026-06-10T15:09:55.166518+05:30
LTTS,L&T Technology Services Ltd.,IT Services,Information Technology,Nifty500,INE010V01017,,LTTS,NSE Constituents:Nifty500,2026-06-10T15:09:55.166518+05:30
LUPIN,Lupin Ltd.,Pharma,Healthcare,Nifty500,INE326A01037,,LUPIN,NSE Constituents:Nifty500,2026-06-10T15:09:55.166518+05:30
M&M,Mahindra & Mahindra Ltd.,Autos,Automobile and Auto Components,Nifty500,INE101A01026,,M&M,NSE Constituents:Nifty500,2026-06-10T15:09:55.166518+05:30
M&MFIN,Mahindra & Mahindra Financial Services Ltd.,Financial Services,Financial Services,Nifty500,INE774D01024,,M&MFIN,NSE Constituents:Nifty500,2026-06-10T15:09:55.166518+05:30
MAHABANK,Bank of Maharashtra,Financial Services,Financial Services,Nifty500,INE457A01014,,MAHABANK,NSE Constituents:Nifty500,2026-06-10T15:09:55.166518+05:30
MANAPPURAM,Manappuram Finance Ltd.,Financial Services,Financial Services,Nifty500,INE522D01027,,MANAPPURAM,NSE Constituents:Nifty500,2026-06-10T15:09:55.166518+05:30
MANKIND,Mankind Pharma Ltd.,Pharma,Healthcare,Nifty500,INE634S01028,,MANKIND,NSE Constituents:Nifty500,2026-06-10T15:09:55.166518+05:30
MAPMYINDIA,C.E. Info Systems Ltd.,IT Services,Information Technology,Nifty500,INE0BV301023,,MAPMYINDIA,NSE Constituents:Nifty500,2026-06-10T15:09:55.166518+05:30
MARICO,Marico Ltd.,Consumer,Fast Moving Consumer Goods,Nifty500,INE196A01026,,MARICO,NSE Constituents:Nifty500,2026-06-10T15:09:55.166518+05:30
MARUTI,Maruti Suzuki India Ltd.,Autos,Automobile and Auto Components,Nifty500,INE585B01010,,MARUTI,NSE Constituents:Nifty500,2026-06-10T15:09:55.166518+05:30
MAXHEALTH,Max Healthcare Institute Ltd.,Pharma,Healthcare,Nifty500,INE027H01010,,MAXHEALTH,NSE Constituents:Nifty500,2026-06-10T15:09:55.166518+05:30
MAZDOCK,Mazagoan Dock Shipbuilders Ltd.,IT Services,Capital Goods,Nifty500,INE249Z01020,,MAZDOCK,NSE Constituents:Nifty500,2026-06-10T15:09:55.166518+05:30
MCX,Multi Commodity Exchange of India Ltd.,Financial Services,Financial Services,Nifty500,INE745G01043,,MCX,NSE Constituents:Nifty500,2026-06-10T15:09:55.166518+05:30
MEDANTA,Global Health Ltd.,Pharma,Healthcare,Nifty500,INE474Q01031,,MEDANTA,NSE Constituents:Nifty500,2026-06-10T15:09:55.166518+05:30
MEESHO,Meesho Ltd.,Consumer,Consumer Services,Nifty500,INE0VDM01015,,MEESHO,NSE Constituents:Nifty500,2026-06-10T15:09:55.166518+05:30
MFSL,Max Financial Services Ltd.,Financial Services,Financial Services,Nifty500,INE180A01020,,MFSL,NSE Constituents:Nifty500,2026-06-10T15:09:55.166518+05:30
MGL,Mahanagar Gas Ltd.,Oil & Gas,Oil Gas & Consumable Fuels,Nifty500,INE002S01010,,MGL,NSE Constituents:Nifty500,2026-06-10T15:09:55.166518+05:30
MINDACORP,Minda Corporation Ltd.,Autos,Automobile and Auto Components,Nifty500,INE842C01021,,MINDACORP,NSE Constituents:Nifty500,2026-06-10T15:09:55.166518+05:30
MMTC,MMTC Ltd.,Other,Services,Nifty500,INE123F01029,,MMTC,NSE Constituents:Nifty500,2026-06-10T15:09:55.166518+05:30
MOTHERSON,Samvardhana Motherson International Ltd.,Autos,Automobile and Auto Components,Nifty500,INE775A01035,,MOTHERSON,NSE Constituents:Nifty500,2026-06-10T15:09:55.166518+05:30
MOTILALOFS,Motilal Oswal Financial Services Ltd.,Financial Services,Financial Services,Nifty500,INE338I01027,,MOTILALOFS,NSE Constituents:Nifty500,2026-06-10T15:09:55.166518+05:30
MPHASIS,MphasiS Ltd.,IT Services,Information Technology,Nifty500,INE356A01018,,MPHASIS,NSE Constituents:Nifty500,2026-06-10T15:09:55.166518+05:30
MRF,MRF Ltd.,Autos,Automobile and Auto Components,Nifty500,INE883A01011,,MRF,NSE Constituents:Nifty500,2026-06-10T15:09:55.166518+05:30
MRPL,Mangalore Refinery & Petrochemicals Ltd.,Oil & Gas,Oil Gas & Consumable Fuels,Nifty500,INE103A01014,,MRPL,NSE Constituents:Nifty500,2026-06-10T15:09:55.166518+05:30
MSUMI,Motherson Sumi Wiring India Ltd.,Autos,Automobile and Auto Components,Nifty500,INE0FS801015,,MSUMI,NSE Constituents:Nifty500,2026-06-10T15:09:55.166518+05:30
MUTHOOTFIN,Muthoot Finance Ltd.,Financial Services,Financial Services,Nifty500,INE414G01012,,MUTHOOTFIN,NSE Constituents:Nifty500,2026-06-10T15:09:55.166518+05:30
NAM-INDIA,Nippon Life India Asset Management Ltd.,Financial Services,Financial Services,Nifty500,INE298J01013,,NAM-INDIA,NSE Constituents:Nifty500,2026-06-10T15:09:55.166518+05:30
NATCOPHARM,NATCO Pharma Ltd.,Pharma,Healthcare,Nifty500,INE987B01026,,NATCOPHARM,NSE Constituents:Nifty500,2026-06-10T15:09:55.166518+05:30
NATIONALUM,National Aluminium Co. Ltd.,Metals,Metals & Mining,Nifty500,INE139A01034,,NATIONALUM,NSE Constituents:Nifty500,2026-06-10T15:09:55.166518+05:30
NAUKRI,Info Edge (India) Ltd.,Consumer,Consumer Services,Nifty500,INE663F01032,,NAUKRI,NSE Constituents:Nifty500,2026-06-10T15:09:55.166518+05:30
NAVA,Nava Ltd.,Power & Utilities,Power,Nifty500,INE725A01030,,NAVA,NSE Constituents:Nifty500,2026-06-10T15:09:55.166518+05:30
NAVINFLUOR,Navin Fluorine International Ltd.,Chemicals,Chemicals,Nifty500,INE048G01026,,NAVINFLUOR,NSE Constituents:Nifty500,2026-06-10T15:09:55.166518+05:30
NBCC,NBCC (India) Ltd.,Capital Goods,Construction,Nifty500,INE095N01031,,NBCC,NSE Constituents:Nifty500,2026-06-10T15:09:55.166518+05:30
NCC,NCC Ltd.,Capital Goods,Construction,Nifty500,INE868B01028,,NCC,NSE Constituents:Nifty500,2026-06-10T15:09:55.166518+05:30
NESTLEIND,Nestle India Ltd.,Consumer,Fast Moving Consumer Goods,Nifty500,INE239A01024,,NESTLEIND,NSE Constituents:Nifty500,2026-06-10T15:09:55.166518+05:30
NETWEB,Netweb Technologies India Ltd.,IT Services,Information Technology,Nifty500,INE0NT901020,,NETWEB,NSE Constituents:Nifty500,2026-06-10T15:09:55.166518+05:30
NEULANDLAB,Neuland Laboratories Ltd.,Pharma,Healthcare,Nifty500,INE794A01010,,NEULANDLAB,NSE Constituents:Nifty500,2026-06-10T15:09:55.166518+05:30
NEWGEN,Newgen Software Technologies Ltd.,IT Services,Information Technology,Nifty500,INE619B01017,,NEWGEN,NSE Constituents:Nifty500,2026-06-10T15:09:55.166518+05:30
NH,Narayana Hrudayalaya Ltd.,Pharma,Healthcare,Nifty500,INE410P01011,,NH,NSE Constituents:Nifty500,2026-06-10T15:09:55.166518+05:30
NHPC,NHPC Ltd.,Power & Utilities,Power,Nifty500,INE848E01016,,NHPC,NSE Constituents:Nifty500,2026-06-10T15:09:55.166518+05:30
NIACL,The New India Assurance Company Ltd.,Financial Services,Financial Services,Nifty500,INE470Y01017,,NIACL,NSE Constituents:Nifty500,2026-06-10T15:09:55.166518+05:30
NIVABUPA,Niva Bupa Health Insurance Company Ltd.,Financial Services,Financial Services,Nifty500,INE995S01015,,NIVABUPA,NSE Constituents:Nifty500,2026-06-10T15:09:55.166518+05:30
NLCINDIA,NLC India Ltd.,Power & Utilities,Power,Nifty500,INE589A01014,,NLCINDIA,NSE Constituents:Nifty500,2026-06-10T15:09:55.166518+05:30
NMDC,NMDC Ltd.,Metals,Metals & Mining,Nifty500,INE584A01023,,NMDC,NSE Constituents:Nifty500,2026-06-10T15:09:55.166518+05:30
NSLNISP,NMDC Steel Ltd.,Metals,Metals & Mining,Nifty500,INE0NNS01018,,NSLNISP,NSE Constituents:Nifty500,2026-06-10T15:09:55.166518+05:30
NTPC,NTPC Ltd.,Power & Utilities,Power,Nifty500,INE733E01010,,NTPC,NSE Constituents:Nifty500,2026-06-10T15:09:55.166518+05:30
NTPCGREEN,NTPC Green Energy Ltd.,Power & Utilities,Power,Nifty500,INE0ONG01011,,NTPCGREEN,NSE Constituents:Nifty500,2026-06-10T15:09:55.166518+05:30
NUVAMA,Nuvama Wealth Management Ltd.,Financial Services,Financial Services,Nifty500,INE531F01023,,NUVAMA,NSE Constituents:Nifty500,2026-06-10T15:09:55.166518+05:30
NUVOCO,Nuvoco Vistas Corporation Ltd.,Capital Goods,Construction Materials,Nifty500,INE118D01016,,NUVOCO,NSE Constituents:Nifty500,2026-06-10T15:09:55.166518+05:30
NYKAA,FSN E-Commerce Ventures Ltd.,Consumer,Consumer Services,Nifty500,INE388Y01029,,NYKAA,NSE Constituents:Nifty500,2026-06-10T15:09:55.166518+05:30
OBEROIRLTY,Oberoi Realty Ltd.,Real Estate,Realty,Nifty500,INE093I01010,,OBEROIRLTY,NSE Constituents:Nifty500,2026-06-10T15:09:55.166518+05:30
OFSS,Oracle Financial Services Software Ltd.,IT Services,Information Technology,Nifty500,INE881D01027,,OFSS,NSE Constituents:Nifty500,2026-06-10T15:09:55.166518+05:30
OIL,Oil India Ltd.,Oil & Gas,Oil Gas & Consumable Fuels,Nifty500,INE274J01014,,OIL,NSE Constituents:Nifty500,2026-06-10T15:09:55.166518+05:30
OLAELEC,Ola Electric Mobility Ltd.,Autos,Automobile and Auto Components,Nifty500,INE0LXG01040,,OLAELEC,NSE Constituents:Nifty500,2026-06-10T15:09:55.166518+05:30
OLECTRA,Olectra Greentech Ltd.,Autos,Automobile and Auto Components,Nifty500,INE260D01016,,OLECTRA,NSE Constituents:Nifty500,2026-06-10T15:09:55.166518+05:30
ONESOURCE,Onesource Specialty Pharma Ltd.,Pharma,Healthcare,Nifty500,INE013P01021,,ONESOURCE,NSE Constituents:Nifty500,2026-06-10T15:09:55.166518+05:30
ONGC,Oil & Natural Gas Corporation Ltd.,Oil & Gas,Oil Gas & Consumable Fuels,Nifty500,INE213A01029,,ONGC,NSE Constituents:Nifty500,2026-06-10T15:09:55.166518+05:30
PAGEIND,Page Industries Ltd.,Other,Textiles,Nifty500,INE761H01022,,PAGEIND,NSE Constituents:Nifty500,2026-06-10T15:09:55.166518+05:30
PARADEEP,Paradeep Phosphates Ltd.,Chemicals,Chemicals,Nifty500,INE088F01024,,PARADEEP,NSE Constituents:Nifty500,2026-06-10T15:09:55.166518+05:30
PATANJALI,Patanjali Foods Ltd.,Consumer,Fast Moving Consumer Goods,Nifty500,INE619A01035,,PATANJALI,NSE Constituents:Nifty500,2026-06-10T15:09:55.166518+05:30
PAYTM,One 97 Communications Ltd.,Financial Services,Financial Services,Nifty500,INE982J01020,,PAYTM,NSE Constituents:Nifty500,2026-06-10T15:09:55.166518+05:30
PCBL,PCBL Chemical Ltd.,Chemicals,Chemicals,Nifty500,INE602A01031,,PCBL,NSE Constituents:Nifty500,2026-06-10T15:09:55.166518+05:30
PERSISTENT,Persistent Systems Ltd.,IT Services,Information Technology,Nifty500,INE262H01021,,PERSISTENT,NSE Constituents:Nifty500,2026-06-10T15:09:55.166518+05:30
PETRONET,Petronet LNG Ltd.,Oil & Gas,Oil Gas & Consumable Fuels,Nifty500,INE347G01014,,PETRONET,NSE Constituents:Nifty500,2026-06-10T15:09:55.166518+05:30
PFC,Power Finance Corporation Ltd.,Financial Services,Financial Services,Nifty500,INE134E01011,,PFC,NSE Constituents:Nifty500,2026-06-10T15:09:55.166518+05:30
PFIZER,Pfizer Ltd.,Pharma,Healthcare,Nifty500,INE182A01018,,PFIZER,NSE Constituents:Nifty500,2026-06-10T15:09:55.166518+05:30
PGEL,PG Electroplast Ltd.,Consumer,Consumer Durables,Nifty500,INE457L01029,,PGEL,NSE Constituents:Nifty500,2026-06-10T15:09:55.166518+05:30
PHOENIXLTD,Phoenix Mills Ltd.,Real Estate,Realty,Nifty500,INE211B01039,,PHOENIXLTD,NSE Constituents:Nifty500,2026-06-10T15:09:55.166518+05:30
PIDILITIND,Pidilite Industries Ltd.,Chemicals,Chemicals,Nifty500,INE318A01026,,PIDILITIND,NSE Constituents:Nifty500,2026-06-10T15:09:55.166518+05:30
PIIND,PI Industries Ltd.,Chemicals,Chemicals,Nifty500,INE603J01030,,PIIND,NSE Constituents:Nifty500,2026-06-10T15:09:55.166518+05:30
PINELABS,Pine Labs Ltd.,Financial Services,Financial Services,Nifty500,INE15B701018,,PINELABS,NSE Constituents:Nifty500,2026-06-10T15:09:55.166518+05:30
PIRAMALFIN,Piramal Finance Ltd.,Financial Services,Financial Services,Nifty500,INE202B01038,,PIRAMALFIN,NSE Constituents:Nifty500,2026-06-10T15:09:55.166518+05:30
PNB,Punjab National Bank,Financial Services,Financial Services,Nifty500,INE160A01022,,PNB,NSE Constituents:Nifty500,2026-06-10T15:09:55.166518+05:30
PNBHOUSING,PNB Housing Finance Ltd.,Financial Services,Financial Services,Nifty500,INE572E01012,,PNBHOUSING,NSE Constituents:Nifty500,2026-06-10T15:09:55.166518+05:30
POLICYBZR,PB Fintech Ltd.,Financial Services,Financial Services,Nifty500,INE417T01026,,POLICYBZR,NSE Constituents:Nifty500,2026-06-10T15:09:55.166518+05:30
POLYCAB,Polycab India Ltd.,IT Services,Capital Goods,Nifty500,INE455K01017,,POLYCAB,NSE Constituents:Nifty500,2026-06-10T15:09:55.166518+05:30
POLYMED,Poly Medicure Ltd.,Pharma,Healthcare,Nifty500,INE205C01021,,POLYMED,NSE Constituents:Nifty500,2026-06-10T15:09:55.166518+05:30
POONAWALLA,Poonawalla Fincorp Ltd.,Financial Services,Financial Services,Nifty500,INE511C01022,,POONAWALLA,NSE Constituents:Nifty500,2026-06-10T15:09:55.166518+05:30
POWERGRID,Power Grid Corporation of India Ltd.,Power & Utilities,Power,Nifty500,INE752E01010,,POWERGRID,NSE Constituents:Nifty500,2026-06-10T15:09:55.166518+05:30
POWERINDIA,Hitachi Energy India Ltd.,IT Services,Capital Goods,Nifty500,INE07Y701011,,POWERINDIA,NSE Constituents:Nifty500,2026-06-10T15:09:55.166518+05:30
PPLPHARMA,Piramal Pharma Ltd.,Pharma,Healthcare,Nifty500,INE0DK501011,,PPLPHARMA,NSE Constituents:Nifty500,2026-06-10T15:09:55.166518+05:30
PREMIERENE,Premier Energies Ltd.,IT Services,Capital Goods,Nifty500,INE0BS701011,,PREMIERENE,NSE Constituents:Nifty500,2026-06-10T15:09:55.166518+05:30
PRESTIGE,Prestige Estates Projects Ltd.,Real Estate,Realty,Nifty500,INE811K01011,,PRESTIGE,NSE Constituents:Nifty500,2026-06-10T15:09:55.166518+05:30
PTCIL,PTC Industries Ltd.,IT Services,Capital Goods,Nifty500,INE596F01018,,PTCIL,NSE Constituents:Nifty500,2026-06-10T15:09:55.166518+05:30
PVRINOX,PVR INOX Ltd.,Media,Media Entertainment & Publication,Nifty500,INE191H01014,,PVRINOX,NSE Constituents:Nifty500,2026-06-10T15:09:55.166518+05:30
PWL,Physicswallah Ltd.,Consumer,Consumer Services,Nifty500,INE0LP301011,,PWL,NSE Constituents:Nifty500,2026-06-10T15:09:55.166518+05:30
RADICO,Radico Khaitan Ltd,Consumer,Fast Moving Consumer Goods,Nifty500,INE944F01028,,RADICO,NSE Constituents:Nifty500,2026-06-10T15:09:55.166518+05:30
RAILTEL,Railtel Corporation Of India Ltd.,Telecom,Telecommunication,Nifty500,INE0DD101019,,RAILTEL,NSE Constituents:Nifty500,2026-06-10T15:09:55.166518+05:30
RAINBOW,Rainbow Childrens Medicare Ltd.,Pharma,Healthcare,Nifty500,INE961O01016,,RAINBOW,NSE Constituents:Nifty500,2026-06-10T15:09:55.166518+05:30
RAMCOCEM,The Ramco Cements Ltd.,Capital Goods,Construction Materials,Nifty500,INE331A01037,,RAMCOCEM,NSE Constituents:Nifty500,2026-06-10T15:09:55.166518+05:30
RBLBANK,RBL Bank Ltd.,Financial Services,Financial Services,Nifty500,INE976G01028,,RBLBANK,NSE Constituents:Nifty500,2026-06-10T15:09:55.166518+05:30
RECLTD,REC Ltd.,Financial Services,Financial Services,Nifty500,INE020B01018,,RECLTD,NSE Constituents:Nifty500,2026-06-10T15:09:55.166518+05:30
REDINGTON,Redington Ltd.,Other,Services,Nifty500,INE891D01026,,REDINGTON,NSE Constituents:Nifty500,2026-06-10T15:09:55.166518+05:30
RELIANCE,Reliance Industries Ltd.,Oil & Gas,Oil Gas & Consumable Fuels,Nifty500,INE002A01018,,RELIANCE,NSE Constituents:Nifty500,2026-06-10T15:09:55.166518+05:30
RHIM,RHI MAGNESITA INDIA LTD.,IT Services,Capital Goods,Nifty500,INE743M01012,,RHIM,NSE Constituents:Nifty500,2026-06-10T15:09:55.166518+05:30
RITES,RITES Ltd.,Capital Goods,Construction,Nifty500,INE320J01015,,RITES,NSE Constituents:Nifty500,2026-06-10T15:09:55.166518+05:30
RKFORGE,Ramkrishna Forgings Ltd.,Autos,Automobile and Auto Components,Nifty500,INE399G01023,,RKFORGE,NSE Constituents:Nifty500,2026-06-10T15:09:55.166518+05:30
RPOWER,Reliance Power Ltd.,Power & Utilities,Power,Nifty500,INE614G01033,,RPOWER,NSE Constituents:Nifty500,2026-06-10T15:09:55.166518+05:30
RRKABEL,R R Kabel Ltd.,IT Services,Capital Goods,Nifty500,INE777K01022,,RRKABEL,NSE Constituents:Nifty500,2026-06-10T15:09:55.166518+05:30
RVNL,Rail Vikas Nigam Ltd.,Capital Goods,Construction,Nifty500,INE415G01027,,RVNL,NSE Constituents:Nifty500,2026-06-10T15:09:55.166518+05:30
SAGILITY,Sagility Ltd.,IT Services,Information Technology,Nifty500,INE0W2G01015,,SAGILITY,NSE Constituents:Nifty500,2026-06-10T15:09:55.166518+05:30
SAIL,Steel Authority of India Ltd.,Metals,Metals & Mining,Nifty500,INE114A01011,,SAIL,NSE Constituents:Nifty500,2026-06-10T15:09:55.166518+05:30
SAILIFE,Sai Life Sciences Ltd.,Pharma,Healthcare,Nifty500,INE570L01029,,SAILIFE,NSE Constituents:Nifty500,2026-06-10T15:09:55.166518+05:30
SAMMAANCAP,Sammaan Capital Ltd.,Financial Services,Financial Services,Nifty500,INE148I01020,,SAMMAANCAP,NSE Constituents:Nifty500,2026-06-10T15:09:55.166518+05:30
SAPPHIRE,Sapphire Foods India Ltd.,Consumer,Consumer Services,Nifty500,INE806T01020,,SAPPHIRE,NSE Constituents:Nifty500,2026-06-10T15:09:55.166518+05:30
SARDAEN,Sarda Energy and Minerals Ltd.,Metals,Metals & Mining,Nifty500,INE385C01021,,SARDAEN,NSE Constituents:Nifty500,2026-06-10T15:09:55.166518+05:30
SAREGAMA,Saregama India Ltd,Media,Media Entertainment & Publication,Nifty500,INE979A01025,,SAREGAMA,NSE Constituents:Nifty500,2026-06-10T15:09:55.166518+05:30
SBFC,SBFC Finance Ltd.,Financial Services,Financial Services,Nifty500,INE423Y01016,,SBFC,NSE Constituents:Nifty500,2026-06-10T15:09:55.166518+05:30
SBICARD,SBI Cards and Payment Services Ltd.,Financial Services,Financial Services,Nifty500,INE018E01016,,SBICARD,NSE Constituents:Nifty500,2026-06-10T15:09:55.166518+05:30
SBILIFE,SBI Life Insurance Company Ltd.,Financial Services,Financial Services,Nifty500,INE123W01016,,SBILIFE,NSE Constituents:Nifty500,2026-06-10T15:09:55.166518+05:30
SBIN,State Bank of India,Financial Services,Financial Services,Nifty500,INE062A01020,,SBIN,NSE Constituents:Nifty500,2026-06-10T15:09:55.166518+05:30
SCHAEFFLER,Schaeffler India Ltd.,Autos,Automobile and Auto Components,Nifty500,INE513A01022,,SCHAEFFLER,NSE Constituents:Nifty500,2026-06-10T15:09:55.166518+05:30
SCHNEIDER,Schneider Electric Infrastructure Ltd.,IT Services,Capital Goods,Nifty500,INE839M01018,,SCHNEIDER,NSE Constituents:Nifty500,2026-06-10T15:09:55.166518+05:30
SCI,Shipping Corporation of India Ltd.,Other,Services,Nifty500,INE109A01011,,SCI,NSE Constituents:Nifty500,2026-06-10T15:09:55.166518+05:30
SHREECEM,Shree Cement Ltd.,Capital Goods,Construction Materials,Nifty500,INE070A01015,,SHREECEM,NSE Constituents:Nifty500,2026-06-10T15:09:55.166518+05:30
SHRIRAMFIN,Shriram Finance Ltd.,Financial Services,Financial Services,Nifty500,INE721A01047,,SHRIRAMFIN,NSE Constituents:Nifty500,2026-06-10T15:09:55.166518+05:30
SHYAMMETL,Shyam Metalics and Energy Ltd.,IT Services,Capital Goods,Nifty500,INE810G01011,,SHYAMMETL,NSE Constituents:Nifty500,2026-06-10T15:09:55.166518+05:30
SIEMENS,Siemens Ltd.,IT Services,Capital Goods,Nifty500,INE003A01024,,SIEMENS,NSE Constituents:Nifty500,2026-06-10T15:09:55.166518+05:30
SIGNATURE,Signatureglobal (India) Ltd.,Real Estate,Realty,Nifty500,INE903U01023,,SIGNATURE,NSE Constituents:Nifty500,2026-06-10T15:09:55.166518+05:30
SJVN,SJVN Ltd.,Power & Utilities,Power,Nifty500,INE002L01015,,SJVN,NSE Constituents:Nifty500,2026-06-10T15:09:55.166518+05:30
SOBHA,Sobha Ltd.,Real Estate,Realty,Nifty500,INE671H01015,,SOBHA,NSE Constituents:Nifty500,2026-06-10T15:09:55.166518+05:30
SOLARINDS,Solar Industries India Ltd.,Chemicals,Chemicals,Nifty500,INE343H01029,,SOLARINDS,NSE Constituents:Nifty500,2026-06-10T15:09:55.166518+05:30
SONACOMS,Sona BLW Precision Forgings Ltd.,Autos,Automobile and Auto Components,Nifty500,INE073K01018,,SONACOMS,NSE Constituents:Nifty500,2026-06-10T15:09:55.166518+05:30
SONATSOFTW,Sonata Software Ltd.,IT Services,Information Technology,Nifty500,INE269A01021,,SONATSOFTW,NSE Constituents:Nifty500,2026-06-10T15:09:55.166518+05:30
SPLPETRO,Supreme Petrochem Ltd.,Chemicals,Chemicals,Nifty500,INE663A01033,,SPLPETRO,NSE Constituents:Nifty500,2026-06-10T15:09:55.166518+05:30
SRF,SRF Ltd.,Chemicals,Chemicals,Nifty500,INE647A01010,,SRF,NSE Constituents:Nifty500,2026-06-10T15:09:55.166518+05:30
STARHEALTH,Star Health and Allied Insurance Company Ltd.,Financial Services,Financial Services,Nifty500,INE575P01011,,STARHEALTH,NSE Constituents:Nifty500,2026-06-10T15:09:55.166518+05:30
SUMICHEM,Sumitomo Chemical India Ltd.,Chemicals,Chemicals,Nifty500,INE258G01013,,SUMICHEM,NSE Constituents:Nifty500,2026-06-10T15:09:55.166518+05:30
SUNDARMFIN,Sundaram Finance Ltd.,Financial Services,Financial Services,Nifty500,INE660A01013,,SUNDARMFIN,NSE Constituents:Nifty500,2026-06-10T15:09:55.166518+05:30
SUNPHARMA,Sun Pharmaceutical Industries Ltd.,Pharma,Healthcare,Nifty500,INE044A01036,,SUNPHARMA,NSE Constituents:Nifty500,2026-06-10T15:09:55.166518+05:30
SUNTV,Sun TV Network Ltd.,Media,Media Entertainment & Publication,Nifty500,INE424H01027,,SUNTV,NSE Constituents:Nifty500,2026-06-10T15:09:55.166518+05:30
SUPREMEIND,Supreme Industries Ltd.,IT Services,Capital Goods,Nifty500,INE195A01028,,SUPREMEIND,NSE Constituents:Nifty500,2026-06-10T15:09:55.166518+05:30
SUZLON,Suzlon Energy Ltd.,IT Services,Capital Goods,Nifty500,INE040H01021,,SUZLON,NSE Constituents:Nifty500,2026-06-10T15:09:55.166518+05:30
SWANCORP,Swan Corp Ltd.,Chemicals,Chemicals,Nifty500,INE665A01038,,SWANCORP,NSE Constituents:Nifty500,2026-06-10T15:09:55.166518+05:30
SWIGGY,Swiggy Ltd.,Consumer,Consumer Services,Nifty500,INE00H001014,,SWIGGY,NSE Constituents:Nifty500,2026-06-10T15:09:55.166518+05:30
SYNGENE,Syngene International Ltd.,Pharma,Healthcare,Nifty500,INE398R01022,,SYNGENE,NSE Constituents:Nifty500,2026-06-10T15:09:55.166518+05:30
SYRMA,Syrma SGS Technology Ltd.,IT Services,Capital Goods,Nifty500,INE0DYJ01015,,SYRMA,NSE Constituents:Nifty500,2026-06-10T15:09:55.166518+05:30
TARIL,Transformers And Rectifiers (India) Ltd.,IT Services,Capital Goods,Nifty500,INE763I01026,,TARIL,NSE Constituents:Nifty500,2026-06-10T15:09:55.166518+05:30
TATACAP,Tata Capital Ltd.,Financial Services,Financial Services,Nifty500,INE976I01016,,TATACAP,NSE Constituents:Nifty500,2026-06-10T15:09:55.166518+05:30
TATACHEM,Tata Chemicals Ltd.,Chemicals,Chemicals,Nifty500,INE092A01019,,TATACHEM,NSE Constituents:Nifty500,2026-06-10T15:09:55.166518+05:30
TATACOMM,Tata Communications Ltd.,Telecom,Telecommunication,Nifty500,INE151A01013,,TATACOMM,NSE Constituents:Nifty500,2026-06-10T15:09:55.166518+05:30
TATACONSUM,Tata Consumer Products Ltd.,Consumer,Fast Moving Consumer Goods,Nifty500,INE192A01025,,TATACONSUM,NSE Constituents:Nifty500,2026-06-10T15:09:55.166518+05:30
TATAELXSI,Tata Elxsi Ltd.,IT Services,Information Technology,Nifty500,INE670A01012,,TATAELXSI,NSE Constituents:Nifty500,2026-06-10T15:09:55.166518+05:30
TATAINVEST,Tata Investment Corporation Ltd.,Financial Services,Financial Services,Nifty500,INE672A01026,,TATAINVEST,NSE Constituents:Nifty500,2026-06-10T15:09:55.166518+05:30
TATAPOWER,Tata Power Co. Ltd.,Power & Utilities,Power,Nifty500,INE245A01021,,TATAPOWER,NSE Constituents:Nifty500,2026-06-10T15:09:55.166518+05:30
TATASTEEL,Tata Steel Ltd.,Metals,Metals & Mining,Nifty500,INE081A01020,,TATASTEEL,NSE Constituents:Nifty500,2026-06-10T15:09:55.166518+05:30
TATATECH,Tata Technologies Ltd.,IT Services,Information Technology,Nifty500,INE142M01025,,TATATECH,NSE Constituents:Nifty500,2026-06-10T15:09:55.166518+05:30
TBOTEK,TBO Tek Ltd.,Consumer,Consumer Services,Nifty500,INE673O01025,,TBOTEK,NSE Constituents:Nifty500,2026-06-10T15:09:55.166518+05:30
TCS,Tata Consultancy Services Ltd.,IT Services,Information Technology,Nifty500,INE467B01029,,TCS,NSE Constituents:Nifty500,2026-06-10T15:09:55.166518+05:30
TECHM,Tech Mahindra Ltd.,IT Services,Information Technology,Nifty500,INE669C01036,,TECHM,NSE Constituents:Nifty500,2026-06-10T15:09:55.166518+05:30
TECHNOE,Techno Electric & Engineering Company Ltd.,Capital Goods,Construction,Nifty500,INE285K01026,,TECHNOE,NSE Constituents:Nifty500,2026-06-10T15:09:55.166518+05:30
TEGA,Tega Industries Ltd.,IT Services,Capital Goods,Nifty500,INE011K01018,,TEGA,NSE Constituents:Nifty500,2026-06-10T15:09:55.166518+05:30
TEJASNET,Tejas Networks Ltd.,Telecom,Telecommunication,Nifty500,INE010J01012,,TEJASNET,NSE Constituents:Nifty500,2026-06-10T15:09:55.166518+05:30
TENNIND,Tenneco Clean Air India Ltd.,Autos,Automobile and Auto Components,Nifty500,INE19RI01016,,TENNIND,NSE Constituents:Nifty500,2026-06-10T15:09:55.166518+05:30
THELEELA,Leela Palaces Hotels & Resorts Ltd.,Consumer,Consumer Services,Nifty500,INE0AQ201015,,THELEELA,NSE Constituents:Nifty500,2026-06-10T15:09:55.166518+05:30
THERMAX,Thermax Ltd.,IT Services,Capital Goods,Nifty500,INE152A01029,,THERMAX,NSE Constituents:Nifty500,2026-06-10T15:09:55.166518+05:30
TIINDIA,Tube Investments of India Ltd.,Autos,Automobile and Auto Components,Nifty500,INE974X01010,,TIINDIA,NSE Constituents:Nifty500,2026-06-10T15:09:55.166518+05:30
TIMKEN,Timken India Ltd.,IT Services,Capital Goods,Nifty500,INE325A01013,,TIMKEN,NSE Constituents:Nifty500,2026-06-10T15:09:55.166518+05:30
TITAGARH,Titagarh Rail Systems Ltd.,IT Services,Capital Goods,Nifty500,INE615H01020,,TITAGARH,NSE Constituents:Nifty500,2026-06-10T15:09:55.166518+05:30
TITAN,Titan Company Ltd.,Consumer,Consumer Durables,Nifty500,INE280A01028,,TITAN,NSE Constituents:Nifty500,2026-06-10T15:09:55.166518+05:30
TMCV,Tata Motors Ltd.,IT Services,Capital Goods,Nifty500,INE1TAE01010,,TMCV,NSE Constituents:Nifty500,2026-06-10T15:09:55.166518+05:30
TMPV,Tata Motors Passenger Vehicles Ltd.,Autos,Automobile and Auto Components,Nifty500,INE155A01022,,TMPV,NSE Constituents:Nifty500,2026-06-10T15:09:55.166518+05:30
TORNTPHARM,Torrent Pharmaceuticals Ltd.,Pharma,Healthcare,Nifty500,INE685A01028,,TORNTPHARM,NSE Constituents:Nifty500,2026-06-10T15:09:55.166518+05:30
TORNTPOWER,Torrent Power Ltd.,Power & Utilities,Power,Nifty500,INE813H01021,,TORNTPOWER,NSE Constituents:Nifty500,2026-06-10T15:09:55.166518+05:30
TRAVELFOOD,Travel Food Services Ltd.,Consumer,Consumer Services,Nifty500,INE103V01028,,TRAVELFOOD,NSE Constituents:Nifty500,2026-06-10T15:09:55.166518+05:30
TRENT,Trent Ltd.,Consumer,Consumer Services,Nifty500,INE849A01020,,TRENT,NSE Constituents:Nifty500,2026-06-10T15:09:55.166518+05:30
TRIDENT,Trident Ltd.,Other,Textiles,Nifty500,INE064C01022,,TRIDENT,NSE Constituents:Nifty500,2026-06-10T15:09:55.166518+05:30
TRITURBINE,Triveni Turbine Ltd.,IT Services,Capital Goods,Nifty500,INE152M01016,,TRITURBINE,NSE Constituents:Nifty500,2026-06-10T15:09:55.166518+05:30
TTML,Tata Teleservices (Maharashtra) Ltd.,Telecom,Telecommunication,Nifty500,INE517B01013,,TTML,NSE Constituents:Nifty500,2026-06-10T15:09:55.166518+05:30
TVSMOTOR,TVS Motor Company Ltd.,Autos,Automobile and Auto Components,Nifty500,INE494B01023,,TVSMOTOR,NSE Constituents:Nifty500,2026-06-10T15:09:55.166518+05:30
UBL,United Breweries Ltd.,Consumer,Fast Moving Consumer Goods,Nifty500,INE686F01025,,UBL,NSE Constituents:Nifty500,2026-06-10T15:09:55.166518+05:30
UCOBANK,UCO Bank,Financial Services,Financial Services,Nifty500,INE691A01018,,UCOBANK,NSE Constituents:Nifty500,2026-06-10T15:09:55.166518+05:30
ULTRACEMCO,UltraTech Cement Ltd.,Capital Goods,Construction Materials,Nifty500,INE481G01011,,ULTRACEMCO,NSE Constituents:Nifty500,2026-06-10T15:09:55.166518+05:30
UNIONBANK,Union Bank of India,Financial Services,Financial Services,Nifty500,INE692A01016,,UNIONBANK,NSE Constituents:Nifty500,2026-06-10T15:09:55.166518+05:30
UNITDSPR,United Spirits Ltd.,Consumer,Fast Moving Consumer Goods,Nifty500,INE854D01024,,UNITDSPR,NSE Constituents:Nifty500,2026-06-10T15:09:55.166518+05:30
UNOMINDA,UNO Minda Ltd.,Autos,Automobile and Auto Components,Nifty500,INE405E01023,,UNOMINDA,NSE Constituents:Nifty500,2026-06-10T15:09:55.166518+05:30
UPL,UPL Ltd.,Chemicals,Chemicals,Nifty500,INE628A01036,,UPL,NSE Constituents:Nifty500,2026-06-10T15:09:55.166518+05:30
URBANCO,Urban Company Ltd.,Consumer,Consumer Services,Nifty500,INE0CAZ01013,,URBANCO,NSE Constituents:Nifty500,2026-06-10T15:09:55.166518+05:30
USHAMART,Usha Martin Ltd.,IT Services,Capital Goods,Nifty500,INE228A01035,,USHAMART,NSE Constituents:Nifty500,2026-06-10T15:09:55.166518+05:30
UTIAMC,UTI Asset Management Company Ltd.,Financial Services,Financial Services,Nifty500,INE094J01016,,UTIAMC,NSE Constituents:Nifty500,2026-06-10T15:09:55.166518+05:30
VBL,Varun Beverages Ltd.,Consumer,Fast Moving Consumer Goods,Nifty500,INE200M01039,,VBL,NSE Constituents:Nifty500,2026-06-10T15:09:55.166518+05:30
VEDL,Vedanta Ltd.,Metals,Metals & Mining,Nifty500,INE205A01025,,VEDL,NSE Constituents:Nifty500,2026-06-10T15:09:55.166518+05:30
VIJAYA,Vijaya Diagnostic Centre Ltd.,Pharma,Healthcare,Nifty500,INE043W01024,,VIJAYA,NSE Constituents:Nifty500,2026-06-10T15:09:55.166518+05:30
VMM,Vishal Mega Mart Ltd.,Consumer,Consumer Services,Nifty500,INE01EA01019,,VMM,NSE Constituents:Nifty500,2026-06-10T15:09:55.166518+05:30
VOLTAS,Voltas Ltd.,Consumer,Consumer Durables,Nifty500,INE226A01021,,VOLTAS,NSE Constituents:Nifty500,2026-06-10T15:09:55.166518+05:30
VTL,Vardhman Textiles Ltd.,Other,Textiles,Nifty500,INE825A01020,,VTL,NSE Constituents:Nifty500,2026-06-10T15:09:55.166518+05:30
WAAREEENER,Waaree Energies Ltd.,IT Services,Capital Goods,Nifty500,INE377N01017,,WAAREEENER,NSE Constituents:Nifty500,2026-06-10T15:09:55.166518+05:30
WELCORP,Welspun Corp Ltd.,IT Services,Capital Goods,Nifty500,INE191B01025,,WELCORP,NSE Constituents:Nifty500,2026-06-10T15:09:55.166518+05:30
WELSPUNLIV,Welspun Living Ltd.,Other,Textiles,Nifty500,INE192B01031,,WELSPUNLIV,NSE Constituents:Nifty500,2026-06-10T15:09:55.166518+05:30
WHIRLPOOL,Whirlpool of India Ltd.,Consumer,Consumer Durables,Nifty500,INE716A01013,,WHIRLPOOL,NSE Constituents:Nifty500,2026-06-10T15:09:55.166518+05:30
WIPRO,Wipro Ltd.,IT Services,Information Technology,Nifty500,INE075A01022,,WIPRO,NSE Constituents:Nifty500,2026-06-10T15:09:55.166518+05:30
WOCKPHARMA,Wockhardt Ltd.,Pharma,Healthcare,Nifty500,INE049B01025,,WOCKPHARMA,NSE Constituents:Nifty500,2026-06-10T15:09:55.166518+05:30
YESBANK,Yes Bank Ltd.,Financial Services,Financial Services,Nifty500,INE528G01035,,YESBANK,NSE Constituents:Nifty500,2026-06-10T15:09:55.166518+05:30
ZEEL,Zee Entertainment Enterprises Ltd.,Media,Media Entertainment & Publication,Nifty500,INE256A01028,,ZEEL,NSE Constituents:Nifty500,2026-06-10T15:09:55.166518+05:30
ZENSARTECH,Zensar Technolgies Ltd.,IT Services,Information Technology,Nifty500,INE520A01027,,ZENSARTECH,NSE Constituents:Nifty500,2026-06-10T15:09:55.166518+05:30
ZENTEC,Zen Technologies Ltd.,IT Services,Capital Goods,Nifty500,INE251B01027,,ZENTEC,NSE Constituents:Nifty500,2026-06-10T15:09:55.166518+05:30
ZFCVINDIA,ZF Commercial Vehicle Control Systems India Ltd.,Autos,Automobile and Auto Components,Nifty500,INE342J01019,,ZFCVINDIA,NSE Constituents:Nifty500,2026-06-10T15:09:55.166518+05:30
ZYDUSLIFE,Zydus Lifesciences Ltd.,Pharma,Healthcare,Nifty500,INE010B01027,,ZYDUSLIFE,NSE Constituents:Nifty500,2026-06-10T15:09:55.166518+05:30
ZYDUSWELL,Zydus Wellness Ltd.,Consumer,Fast Moving Consumer Goods,Nifty500,INE768C01028,,ZYDUSWELL,NSE Constituents:Nifty500,2026-06-10T15:09:55.166518+05:30
